OpenTime,Open,High,Low,Close,Volume,CloseTime
24-Sep-2025 20:00:00,113420,113647.58,113204.71,113307,1194.06148,24-Sep-2025 23:59:59
25-Sep-2025 00:00:00,113307.01,113510.23,112214.74,112546.21,3049.61418,25-Sep-2025 03:59:59
25-Sep-2025 04:00:00,112546.22,112614.43,111450.42,111766.72,2930.2095,25-Sep-2025 07:59:59
25-Sep-2025 08:00:00,111766.73,112246.46,111283.63,111348,2287.76235,25-Sep-2025 11:59:59
25-Sep-2025 12:00:00,111347.99,111729.52,110629.99,111580.77,4734.75828,25-Sep-2025 15:59:59
25-Sep-2025 16:00:00,111580.77,111672.58,108631.51,109360,6129.42446,25-Sep-2025 19:59:59
25-Sep-2025 20:00:00,109360,109685.72,108765,108994.49,2099.3808,25-Sep-2025 23:59:59
26-Sep-2025 00:00:00,108994.49,109798.84,108809.24,109580.01,2323.19574,26-Sep-2025 03:59:59
26-Sep-2025 04:00:00,109580,109625.94,108913,109320.02,3055.89804,26-Sep-2025 07:59:59
26-Sep-2025 08:00:00,109320.02,109690.98,108620.07,109133.5,2675.46214,26-Sep-2025 11:59:59
26-Sep-2025 12:00:00,109133.5,109779.73,108764.76,109027.78,3241.9244,26-Sep-2025 15:59:59
26-Sep-2025 16:00:00,109027.79,110300,109027.78,109172.2,2093.42859,26-Sep-2025 19:59:59
26-Sep-2025 20:00:00,109172.21,109687.69,109087.57,109643.46,853.107,26-Sep-2025 23:59:59
27-Sep-2025 00:00:00,109643.46,109743.91,109324.42,109553.77,1041.65919,27-Sep-2025 03:59:59
27-Sep-2025 04:00:00,109553.77,109742.27,109332.02,109411.2,908.84116,27-Sep-2025 07:59:59
27-Sep-2025 08:00:00,109411.19,109477.69,109064.4,109310.21,1356.29029,27-Sep-2025 11:59:59
27-Sep-2025 12:00:00,109310.22,109477.59,109193,109402.24,1151.38343,27-Sep-2025 15:59:59
27-Sep-2025 16:00:00,109402.25,109440,109243.89,109424.2,590.81859,27-Sep-2025 19:59:59
27-Sep-2025 20:00:00,109424.21,109699.98,109362.72,109635.85,452.79377,27-Sep-2025 23:59:59
28-Sep-2025 00:00:00,109635.85,109787.75,109325.05,109436,822.14827,28-Sep-2025 03:59:59
28-Sep-2025 04:00:00,109436,109537.8,109260,109513.06,569.05076,28-Sep-2025 07:59:59
28-Sep-2025 08:00:00,109513.06,109585.39,109250,109369.02,862.93461,28-Sep-2025 11:59:59
28-Sep-2025 12:00:00,109369.02,110037.93,109189.99,110037.93,1349.20291,28-Sep-2025 15:59:59
28-Sep-2025 16:00:00,110037.92,110393.63,110008.54,110337.6,1215.77694,28-Sep-2025 19:59:59
28-Sep-2025 20:00:00,110337.61,112350,110294.78,112163.95,2723.21811,28-Sep-2025 23:59:59
29-Sep-2025 00:00:00,112163.96,112310,111588.07,111857.51,2297.47362,29-Sep-2025 03:59:59
29-Sep-2025 04:00:00,111857.51,111904.34,111560.65,111865.95,1831.36016,29-Sep-2025 07:59:59
29-Sep-2025 08:00:00,111865.96,112421.99,111865.95,112100,2126.24195,29-Sep-2025 11:59:59
29-Sep-2025 12:00:00,112100,114231.56,111901.26,113815.57,5064.79852,29-Sep-2025 15:59:59
29-Sep-2025 16:00:00,113815.57,114390.93,113449.74,114265.55,2716.40525,29-Sep-2025 19:59:59
29-Sep-2025 20:00:00,114265.56,114400,114020,114311.96,1504.84055,29-Sep-2025 23:59:59
30-Sep-2025 00:00:00,114311.97,114792,114040.35,114376.39,2494.38118,30-Sep-2025 03:59:59
30-Sep-2025 04:00:00,114376.39,114376.4,113585,113699.23,2326.82117,30-Sep-2025 07:59:59
30-Sep-2025 08:00:00,113699.24,113741.37,112656.27,113055.01,2869.29172,30-Sep-2025 11:59:59
30-Sep-2025 12:00:00,113055,113677.23,112866.11,113106.16,2840.28661,30-Sep-2025 15:59:59
30-Sep-2025 16:00:00,113106.15,114563.46,112800,114359.99,2535.88761,30-Sep-2025 19:59:59
30-Sep-2025 20:00:00,114359.99,114754.87,113765.42,114048.93,1977.48804,30-Sep-2025 23:59:59
01-Oct-2025 00:00:00,114048.94,114551.76,113966.67,114176.92,2042.57116,01-Oct-2025 03:59:59
01-Oct-2025 04:00:00,114176.93,114740,114151,114539.02,1996.43364,01-Oct-2025 07:59:59
01-Oct-2025 08:00:00,114539.02,116795.85,114484.43,116789.58,5217.93036,01-Oct-2025 11:59:59
01-Oct-2025 12:00:00,116789.57,117649.99,116363.38,117423.73,4518.346,01-Oct-2025 15:59:59
01-Oct-2025 16:00:00,117423.73,118199,116724.56,117439.53,3814.32316,01-Oct-2025 19:59:59
01-Oct-2025 20:00:00,117439.53,118649.1,117163.25,118594.99,2446.79084,01-Oct-2025 23:59:59
02-Oct-2025 00:00:00,118594.99,119456.92,118368.05,118733.99,4187.34775,02-Oct-2025 03:59:59
02-Oct-2025 04:00:00,118733.99,118930.29,118279.31,118489.76,1772.36438,02-Oct-2025 07:59:59
02-Oct-2025 08:00:00,118489.76,118926.49,118354.61,118765.73,1460.00845,02-Oct-2025 11:59:59
02-Oct-2025 12:00:00,118765.72,119910.79,118516.39,119910.78,5099.16626,02-Oct-2025 15:59:59
02-Oct-2025 16:00:00,119910.78,121022.07,119359.63,120836.49,4869.11141,02-Oct-2025 19:59:59
02-Oct-2025 20:00:00,120836.49,120914,120072.46,120529.35,2282.83678,02-Oct-2025 23:59:59
03-Oct-2025 00:00:00,120529.35,120550.9,119820,120225.89,2268.65523,03-Oct-2025 03:59:59
03-Oct-2025 04:00:00,120225.88,120324.53,119610.59,119640.21,2293.91523,03-Oct-2025 07:59:59
03-Oct-2025 08:00:00,119640.22,120515.89,119248.3,120334.5,3467.40526,03-Oct-2025 11:59:59
03-Oct-2025 12:00:00,120334.51,122366,119881.24,122258.05,4929.42106,03-Oct-2025 15:59:59
03-Oct-2025 16:00:00,122258.04,123894.99,121466.25,122660.99,9447.66952,03-Oct-2025 19:59:59
03-Oct-2025 20:00:00,122661,122734.92,121999.33,122232,1529.2617,03-Oct-2025 23:59:59
04-Oct-2025 00:00:00,122232.21,122325.6,121684.97,122243.99,1730.5772,04-Oct-2025 03:59:59
04-Oct-2025 04:00:00,122243.99,122800,122219.3,122324.08,1516.17531,04-Oct-2025 07:59:59
04-Oct-2025 08:00:00,122324.08,122539.83,121962.81,121973.26,1268.73633,04-Oct-2025 11:59:59
04-Oct-2025 12:00:00,121973.26,122509.52,121698.88,121791.31,1464.05666,04-Oct-2025 15:59:59
04-Oct-2025 16:00:00,121791.31,121964.95,121510,121959.25,1443.23464,04-Oct-2025 19:59:59
04-Oct-2025 20:00:00,121959.25,122410,121871.01,122391,785.38664,04-Oct-2025 23:59:59
05-Oct-2025 00:00:00,122390.99,124362.28,122136,123776.22,4212.02615,05-Oct-2025 03:59:59
05-Oct-2025 04:00:00,123776.23,125708.42,123734,124713.63,7342.549203,05-Oct-2025 07:59:59
05-Oct-2025 08:00:00,124713.63,124838.37,122520.24,123464.64,4455.30964,05-Oct-2025 11:59:59
05-Oct-2025 12:00:00,123464.64,123464.65,122675,122803.17,2233.09004,05-Oct-2025 15:59:59
05-Oct-2025 16:00:00,122803.17,123464,122301.63,122591.79,2386.1605,05-Oct-2025 19:59:59
05-Oct-2025 20:00:00,122591.8,123548.83,122473.62,123482.31,1413.96202,05-Oct-2025 23:59:59
06-Oct-2025 00:00:00,123482.32,124358.46,123084,123839.09,3025.28443,06-Oct-2025 03:59:59
06-Oct-2025 04:00:00,123839.09,124165.56,123280.49,123390.47,2210.62835,06-Oct-2025 07:59:59
06-Oct-2025 08:00:00,123390.47,124531.66,123390.46,124215,2768.21181,06-Oct-2025 11:59:59
06-Oct-2025 12:00:00,124215,125408.29,124178,125000,4567.6948,06-Oct-2025 15:59:59
06-Oct-2025 16:00:00,125000,126199.63,124800,125410.81,4722.172353,06-Oct-2025 19:59:59
06-Oct-2025 20:00:00,125410.8,125534,124511.15,124658.54,2200.63705,06-Oct-2025 23:59:59
07-Oct-2025 00:00:00,124658.54,125082.27,124101.26,124329.74,1773.60979,07-Oct-2025 03:59:59
07-Oct-2025 04:00:00,124329.74,124654.47,123567.6,123667.99,2455.2259,07-Oct-2025 07:59:59
07-Oct-2025 08:00:00,123668,124509.6,123322.9,124453.38,2444.73415,07-Oct-2025 11:59:59
07-Oct-2025 12:00:00,124453.37,125126,121172.89,121846.01,7360.01455,07-Oct-2025 15:59:59
07-Oct-2025 16:00:00,121846.01,122084.14,120574.94,121637.17,5726.896,07-Oct-2025 19:59:59
07-Oct-2025 20:00:00,121637.18,122292.62,121258.08,121332.95,1873.51346,07-Oct-2025 23:59:59
08-Oct-2025 00:00:00,121332.96,122229.66,121200,121374.75,2406.76826,08-Oct-2025 03:59:59
08-Oct-2025 04:00:00,121374.76,121910.24,121066.14,121597.06,2670.85944,08-Oct-2025 07:59:59
08-Oct-2025 08:00:00,121597.05,123200,121524.01,122884.14,3408.74044,08-Oct-2025 11:59:59
08-Oct-2025 12:00:00,122884.14,123350,121649.68,122189.72,3373.3683,08-Oct-2025 15:59:59
08-Oct-2025 16:00:00,122189.72,124197.25,122110.08,123450,3795.53021,08-Oct-2025 19:59:59
08-Oct-2025 20:00:00,123450.01,123737,122794.4,123306,1357.35135,08-Oct-2025 23:59:59
09-Oct-2025 00:00:00,123306.01,123348.32,121475.98,122038.01,2319.17839,09-Oct-2025 03:59:59
09-Oct-2025 04:00:00,122038.01,122264,121724.71,121906.1,1451.1479,09-Oct-2025 07:59:59
09-Oct-2025 08:00:00,121906.09,122833.02,121145.49,122737.57,2689.44106,09-Oct-2025 11:59:59
09-Oct-2025 12:00:00,122737.56,123762.94,120673.99,121147.14,6566.062,09-Oct-2025 15:59:59
09-Oct-2025 16:00:00,121147.15,121481.9,119651.47,120951.72,6174.05969,09-Oct-2025 19:59:59
09-Oct-2025 20:00:00,120951.72,121900,120838,121662.4,2359.47103,09-Oct-2025 23:59:59
10-Oct-2025 00:00:00,121662.41,121874.13,120900,121026.01,2094.68145,10-Oct-2025 03:59:59
10-Oct-2025 04:00:00,121026,121754.34,120855.41,120932.05,2566.54979,10-Oct-2025 07:59:59
10-Oct-2025 08:00:00,120932.05,121777.07,120916.44,121554.55,1553.83694,10-Oct-2025 11:59:59
10-Oct-2025 12:00:00,121554.55,122550,118500,119018.98,7767.59253,10-Oct-2025 15:59:59
10-Oct-2025 16:00:00,119018.99,119456.28,115952.47,116661.5,8454.54427,10-Oct-2025 19:59:59
10-Oct-2025 20:00:00,116661.5,117214.64,102000,112774.5,41734.73429,10-Oct-2025 23:59:59
11-Oct-2025 00:00:00,112774.49,113322.39,111019.43,112300.01,11533.52669,11-Oct-2025 03:59:59
11-Oct-2025 04:00:00,112300,112991.16,110090.29,110384.61,7142.76272,11-Oct-2025 07:59:59
11-Oct-2025 08:00:00,110384.6,112359.67,110162.23,112280,5929.13992,11-Oct-2025 11:59:59
11-Oct-2025 12:00:00,112280.01,112500,111793.2,111793.2,3681.24351,11-Oct-2025 15:59:59
11-Oct-2025 16:00:00,111793.21,112185.53,110865.82,111178.31,3138.91159,11-Oct-2025 19:59:59
11-Oct-2025 20:00:00,111178.3,111368.29,109561.59,110644.4,4022.93209,11-Oct-2025 23:59:59
12-Oct-2025 00:00:00,110644.4,111368.14,109565.06,110676,4785.58424,12-Oct-2025 03:59:59
12-Oct-2025 04:00:00,110676,112125.51,110617.1,111525.2,2731.29761,12-Oct-2025 07:59:59
12-Oct-2025 08:00:00,111525.19,112133.33,111139.87,111848.36,2810.82095,12-Oct-2025 11:59:59
12-Oct-2025 12:00:00,111848.35,113745.84,111177.75,113198.2,9020.41664,12-Oct-2025 15:59:59
12-Oct-2025 16:00:00,113198.2,114700,113198.2,114342.28,6635.34892,12-Oct-2025 19:59:59
12-Oct-2025 20:00:00,114342.28,115770,114217.75,114958.8,6271.83436,12-Oct-2025 23:59:59
13-Oct-2025 00:00:00,114958.81,115963.81,114619.45,114821.12,4123.60858,13-Oct-2025 03:59:59
13-Oct-2025 04:00:00,114821.13,115554.83,114398.24,115399.67,3437.01313,13-Oct-2025 07:59:59
13-Oct-2025 08:00:00,115399.66,115438.17,113616.5,114180,4560.86246,13-Oct-2025 11:59:59
13-Oct-2025 12:00:00,114180,115530,113800.01,114312.1,5538.12887,13-Oct-2025 15:59:59
13-Oct-2025 16:00:00,114312.09,115891.3,114215.79,115792.84,3368.92301,13-Oct-2025 19:59:59
13-Oct-2025 20:00:00,115792.84,115868,115005.44,115166,1528.70428,13-Oct-2025 23:59:59
14-Oct-2025 00:00:00,115166,115409.96,113279.76,113500,3456.84461,14-Oct-2025 03:59:59
14-Oct-2025 04:00:00,113500,113691,111355.01,111724.41,6286.29915,14-Oct-2025 07:59:59
14-Oct-2025 08:00:00,111724.41,112140,110012.24,111313.98,5281.83478,14-Oct-2025 11:59:59
14-Oct-2025 12:00:00,111313.98,112943.82,109866,112900.43,7186.98731,14-Oct-2025 15:59:59
14-Oct-2025 16:00:00,112900.44,113544.53,111692.31,112613.7,7436.01163,14-Oct-2025 19:59:59
14-Oct-2025 20:00:00,112613.69,113577,112230.46,113028.14,2222.35226,14-Oct-2025 23:59:59
15-Oct-2025 00:00:00,113028.13,113612.35,111825.93,112024.29,3526.54912,15-Oct-2025 03:59:59
15-Oct-2025 04:00:00,112024.3,112680,111746.76,112584.5,3442.20374,15-Oct-2025 07:59:59
15-Oct-2025 08:00:00,112584.49,113520.88,111693.26,111905.73,3699.08334,15-Oct-2025 11:59:59
15-Oct-2025 12:00:00,111905.72,112238.41,110400,110798.01,6590.50038,15-Oct-2025 15:59:59
15-Oct-2025 16:00:00,110798.01,111557.7,110164,111271.73,3317.74779,15-Oct-2025 19:59:59
15-Oct-2025 20:00:00,111271.73,111556.27,110500,110763.28,2410.40374,15-Oct-2025 23:59:59
16-Oct-2025 00:00:00,110763.28,111867.17,110361,111329.48,2715.42468,16-Oct-2025 03:59:59
16-Oct-2025 04:00:00,111329.48,111773.7,110553.19,110584.2,3097.1426,16-Oct-2025 07:59:59
16-Oct-2025 08:00:00,110584.21,111728.7,109635.15,111404.72,5282.11808,16-Oct-2025 11:59:59
16-Oct-2025 12:00:00,111404.73,111982.45,108361.69,108549.21,8252.81169,16-Oct-2025 15:59:59
16-Oct-2025 16:00:00,108549.21,109254,107577.57,108197.66,8255.26892,16-Oct-2025 19:59:59
16-Oct-2025 20:00:00,108197.67,108500,107427,108194.28,2254.40655,16-Oct-2025 23:59:59
17-Oct-2025 00:00:00,108194.27,109240,107934.4,109176.74,2417.89309,17-Oct-2025 03:59:59
17-Oct-2025 04:00:00,109176.74,109236.01,105542.09,105633.75,8020.07533,17-Oct-2025 07:59:59
17-Oct-2025 08:00:00,105633.75,106651.22,103528.23,105683.72,13908.33322,17-Oct-2025 11:59:59
17-Oct-2025 12:00:00,105683.71,106852.14,104533.21,106803.53,7847.34313,17-Oct-2025 15:59:59
17-Oct-2025 16:00:00,106803.52,107575.6,106071.42,106454.72,3916.46744,17-Oct-2025 19:59:59
17-Oct-2025 20:00:00,106457.24,107440.02,106342.47,106431.68,1810.55617,17-Oct-2025 23:59:59
18-Oct-2025 00:00:00,106431.68,107306.06,106322.2,107070.4,2668.3034,18-Oct-2025 03:59:59
18-Oct-2025 04:00:00,107070.41,107499,106439.38,106665,2976.33507,18-Oct-2025 07:59:59
18-Oct-2025 08:00:00,106665.01,107222,106605.93,107208.6,2336.72819,18-Oct-2025 11:59:59
18-Oct-2025 12:00:00,107208.61,107300,106739.33,106948.75,1425.61863,18-Oct-2025 15:59:59
18-Oct-2025 16:00:00,106948.75,107091.87,106484,107080.14,911.25891,18-Oct-2025 19:59:59
18-Oct-2025 20:00:00,107080.14,107339.03,106851.84,107185.01,804.94346,18-Oct-2025 23:59:59
19-Oct-2025 00:00:00,107185,107367.16,106734.17,107275.78,1058.1121,19-Oct-2025 03:59:59
19-Oct-2025 04:00:00,107275.79,107290,106558.61,106786,1247.19589,19-Oct-2025 07:59:59
19-Oct-2025 08:00:00,106786,108260.5,106103.36,107783.47,5059.55867,19-Oct-2025 11:59:59
19-Oct-2025 12:00:00,107783.47,108621.68,107355.02,108486.7,3636.47308,19-Oct-2025 15:59:59
19-Oct-2025 16:00:00,108486.71,109450.07,108240,108908.43,2430.56297,19-Oct-2025 19:59:59
19-Oct-2025 20:00:00,108908.43,109370.99,108471.1,108642.78,2048.76152,19-Oct-2025 23:59:59
20-Oct-2025 00:00:00,108642.77,110427.86,107402.52,110145.44,3683.55508,20-Oct-2025 03:59:59
20-Oct-2025 04:00:00,110145.45,111445.67,109951.96,111169.92,3967.97672,20-Oct-2025 07:59:59
20-Oct-2025 08:00:00,111169.91,111679.25,110608.27,111016.75,3452.86704,20-Oct-2025 11:59:59
20-Oct-2025 12:00:00,111016.75,111705.56,110588.23,111144.55,3006.20504,20-Oct-2025 15:59:59
20-Oct-2025 16:00:00,111144.55,111303.05,109855.83,110803.22,3716.65669,20-Oct-2025 19:59:59
20-Oct-2025 20:00:00,110803.22,111272,110418.25,110532.09,1366.18103,20-Oct-2025 23:59:59
21-Oct-2025 00:00:00,110532.09,110532.09,109052.09,109059.22,2405.81342,21-Oct-2025 03:59:59
21-Oct-2025 04:00:00,109059.23,109059.23,107473.72,108086.37,4930.3268,21-Oct-2025 07:59:59
21-Oct-2025 08:00:00,108086.38,108811.47,107484.22,108580.01,2989.72657,21-Oct-2025 11:59:59
21-Oct-2025 12:00:00,108580,113557.62,107922.06,113422.61,10002.10737,21-Oct-2025 15:59:59
21-Oct-2025 16:00:00,113422.6,114000,111324.29,111780.39,10731.47816,21-Oct-2025 19:59:59
21-Oct-2025 20:00:00,111780.4,111801.41,108045.81,108297.67,6168.56427,21-Oct-2025 23:59:59
22-Oct-2025 00:00:00,108297.66,108678.21,107841.2,108216.02,4851.56459,22-Oct-2025 03:59:59
22-Oct-2025 04:00:00,108216.03,108638.99,107610,108321.63,3883.15964,22-Oct-2025 07:59:59
22-Oct-2025 08:00:00,108321.64,108358.76,106708.18,107555.05,4012.65986,22-Oct-2025 11:59:59
22-Oct-2025 12:00:00,107555.04,109163.88,107443.01,108416.5,7925.67327,22-Oct-2025 15:59:59
22-Oct-2025 16:00:00,108416.5,108796.42,107463.29,107870.35,4008.05438,22-Oct-2025 19:59:59
22-Oct-2025 20:00:00,107870.35,108069.93,106666.69,107567.44,3929.67277,22-Oct-2025 23:59:59
23-Oct-2025 00:00:00,107567.45,108720.39,107500,108377.96,2373.50317,23-Oct-2025 03:59:59
23-Oct-2025 04:00:00,108377.96,110298.29,108350.36,109269.9,3314.78585,23-Oct-2025 07:59:59
23-Oct-2025 08:00:00,109269.9,109903.83,109100.4,109253.89,2204.01103,23-Oct-2025 11:59:59
23-Oct-2025 12:00:00,109253.88,110109.99,108685.72,109908.28,4284.59025,23-Oct-2025 15:59:59
23-Oct-2025 16:00:00,109908.29,111293.61,109647.34,110200,3640.32069,23-Oct-2025 19:59:59
23-Oct-2025 20:00:00,110200.01,110200.01,109341.28,110078.18,1755.88195,23-Oct-2025 23:59:59
24-Oct-2025 00:00:00,110078.19,110829.67,109983.93,110441.46,1538.88446,24-Oct-2025 03:59:59
24-Oct-2025 04:00:00,110441.46,111522.3,110332,111054.61,2705.19443,24-Oct-2025 07:59:59
24-Oct-2025 08:00:00,111054.61,111482.99,110600,111066.29,1981.64658,24-Oct-2025 11:59:59
24-Oct-2025 12:00:00,111066.29,112104.98,109700.01,110046.91,5533.12257,24-Oct-2025 15:59:59
24-Oct-2025 16:00:00,110046.92,110945.39,109797.13,110615.07,1470.06782,24-Oct-2025 19:59:59
24-Oct-2025 20:00:00,110615.07,111138.62,110478,111004.89,1776.25327,24-Oct-2025 23:59:59
25-Oct-2025 00:00:00,111004.9,111226.67,110672.86,111029.99,829.34913,25-Oct-2025 03:59:59
25-Oct-2025 04:00:00,111029.99,111820.87,111029.99,111489.6,1417.09029,25-Oct-2025 07:59:59
25-Oct-2025 08:00:00,111489.59,111850.13,111375.81,111563.81,1378.18654,25-Oct-2025 11:59:59
25-Oct-2025 12:00:00,111563.81,111943.19,111311.19,111385.18,1254.08497,25-Oct-2025 15:59:59
25-Oct-2025 16:00:00,111385.18,111731.78,111164.39,111623.45,963.51944,25-Oct-2025 19:59:59
25-Oct-2025 20:00:00,111623.46,111683.64,111342.25,111646.27,565.73827,25-Oct-2025 23:59:59
26-Oct-2025 00:00:00,111646.27,111899.56,111260.45,111260.46,1026.78183,26-Oct-2025 03:59:59
26-Oct-2025 04:00:00,111260.46,111724.96,111260.46,111723.98,665.50994,26-Oct-2025 07:59:59
26-Oct-2025 08:00:00,111723.98,113466.23,111708.63,113286.09,2987.57218,26-Oct-2025 11:59:59
26-Oct-2025 12:00:00,113286.09,114000,113279.85,113694.97,3506.31151,26-Oct-2025 15:59:59
26-Oct-2025 16:00:00,113694.97,113793.93,113290.62,113585.99,1360.11589,26-Oct-2025 19:59:59
26-Oct-2025 20:00:00,113585.98,115466.8,112901,114559.4,3908.18602,26-Oct-2025 23:59:59
27-Oct-2025 00:00:00,114559.41,115445.39,114362.26,114958.51,3281.65267,27-Oct-2025 03:59:59
27-Oct-2025 04:00:00,114958.52,116400,114938.01,115554.6,5478.9455,27-Oct-2025 07:59:59
27-Oct-2025 08:00:00,115554.59,115607.48,114814.69,115362.02,3701.92326,27-Oct-2025 11:59:59
27-Oct-2025 12:00:00,115362.02,115437.48,114503.99,114969.68,4493.43933,27-Oct-2025 15:59:59
27-Oct-2025 16:00:00,114969.68,115790,114790.81,114942.64,2258.20754,27-Oct-2025 19:59:59
27-Oct-2025 20:00:00,114942.64,114942.64,113830.01,114107.65,2236.06411,27-Oct-2025 23:59:59
28-Oct-2025 00:00:00,114107.65,114547.2,113569.91,113908.24,2184.14279,28-Oct-2025 03:59:59
28-Oct-2025 04:00:00,113908.25,114364.99,113483.3,114188.37,2190.6787,28-Oct-2025 07:59:59
28-Oct-2025 08:00:00,114188.38,114673.68,114113.3,114357.73,1236.93368,28-Oct-2025 11:59:59
28-Oct-2025 12:00:00,114357.72,116086,114138.06,114641.38,4008.51256,28-Oct-2025 15:59:59
28-Oct-2025 16:00:00,114641.38,115591.41,113566.44,113689.99,2719.79536,28-Oct-2025 19:59:59
28-Oct-2025 20:00:00,113689,113703.32,112211,112898.45,3183.35948,28-Oct-2025 23:59:59
29-Oct-2025 00:00:00,112898.44,112975.75,112100,112523.49,2076.22141,29-Oct-2025 03:59:59
29-Oct-2025 04:00:00,112523.49,113577.9,112505.58,113577.9,2036.63326,29-Oct-2025 07:59:59
29-Oct-2025 08:00:00,113577.9,113624.12,112732.91,113132.36,1970.99326,29-Oct-2025 11:59:59
29-Oct-2025 12:00:00,113132.35,113643.73,111401.5,111509.74,4606.39611,29-Oct-2025 15:59:59
29-Oct-2025 16:00:00,111509.74,112030.23,109200,110640,7741.83881,29-Oct-2025 19:59:59
29-Oct-2025 20:00:00,110640,111800,109733.22,110021.29,2647.63091,29-Oct-2025 23:59:59
30-Oct-2025 00:00:00,110021.3,111011.99,109703.43,110751.47,2342.18582,30-Oct-2025 03:59:59
30-Oct-2025 04:00:00,110751.48,111592,107925.06,111366.72,6581.76635,30-Oct-2025 07:59:59
30-Oct-2025 08:00:00,111366.72,111467.01,109692.3,109717.29,2970.54213,30-Oct-2025 11:59:59
30-Oct-2025 12:00:00,109717.19,109777.93,107328,107711.56,6544.11088,30-Oct-2025 15:59:59
30-Oct-2025 16:00:00,107711.56,108214.85,106304.34,106536.39,4367.26208,30-Oct-2025 19:59:59
30-Oct-2025 20:00:00,106536.39,108334.53,106316.17,108322.88,3182.96112,30-Oct-2025 23:59:59
31-Oct-2025 00:00:00,108322.87,110042.16,108275.28,109227.86,4174.2813,31-Oct-2025 03:59:59
31-Oct-2025 04:00:00,109227.87,110215,109114.88,109449.31,3598.46922,31-Oct-2025 07:59:59
31-Oct-2025 08:00:00,109449.32,110550,109214.13,110415.61,2439.82294,31-Oct-2025 11:59:59
31-Oct-2025 12:00:00,110415.62,111190,109366.91,110202.9,6113.3169,31-Oct-2025 15:59:59
31-Oct-2025 16:00:00,110202.9,110300,108635,109828.78,3864.41061,31-Oct-2025 19:59:59
31-Oct-2025 20:00:00,109828.78,109828.79,109329.15,109608.01,1327.90342,31-Oct-2025 23:59:59
01-Nov-2025 00:00:00,109608.01,110315.54,109394.81,110226.37,1329.53082,01-Nov-2025 03:59:59
01-Nov-2025 04:00:00,110226.38,110564.49,109933.86,110071.4,1273.91172,01-Nov-2025 07:59:59
01-Nov-2025 08:00:00,110071.4,110270.9,109854.72,110137.59,1127.98746,01-Nov-2025 11:59:59
01-Nov-2025 12:00:00,110137.59,110348,109702.66,110310.65,1527.00509,01-Nov-2025 15:59:59
01-Nov-2025 16:00:00,110310.65,110529.99,110192,110299.99,1247.33562,01-Nov-2025 19:59:59
01-Nov-2025 20:00:00,110300,110516.17,109858.44,110098.1,872.7336,01-Nov-2025 23:59:59
02-Nov-2025 00:00:00,110098.1,110263.91,109879.39,110053.23,856.27323,02-Nov-2025 03:59:59
02-Nov-2025 04:00:00,110053.22,111045.09,110030.06,110895.53,4429.20302,02-Nov-2025 07:59:59
02-Nov-2025 08:00:00,110895.53,111229.78,110346.15,111196.99,2428.29839,02-Nov-2025 11:59:59
02-Nov-2025 12:00:00,111196.99,111250.01,110096.32,110117.48,1689.37947,02-Nov-2025 15:59:59
02-Nov-2025 16:00:00,110117.49,110331,109735.59,110180.84,1185.47603,02-Nov-2025 19:59:59
02-Nov-2025 20:00:00,110180.85,110742.26,109471.34,110540.68,1518.37073,02-Nov-2025 23:59:59
03-Nov-2025 00:00:00,110540.69,110750,107907.44,107937.45,3966.5295,03-Nov-2025 03:59:59
03-Nov-2025 04:00:00,107937.45,108075,107006.05,107468.23,3863.52296,03-Nov-2025 07:59:59
03-Nov-2025 08:00:00,107468.23,107920.92,106726.63,107787.42,3470.56341,03-Nov-2025 11:59:59
03-Nov-2025 12:00:00,107787.42,108333,105511,105745.71,6164.15776,03-Nov-2025 15:59:59
03-Nov-2025 16:00:00,105745.71,107783.2,105306.56,107090,7788.41484,03-Nov-2025 19:59:59
03-Nov-2025 20:00:00,107090,107169.68,105755.59,106583.04,3427.99932,03-Nov-2025 23:59:59
04-Nov-2025 00:00:00,106583.05,107298.74,105852.37,107158.79,4088.97853,04-Nov-2025 03:59:59
04-Nov-2025 04:00:00,107158.79,107299,104200,104490.72,8029.86674,04-Nov-2025 07:59:59
04-Nov-2025 08:00:00,104490.73,104699.07,103605,104584.76,5321.10046,04-Nov-2025 11:59:59
04-Nov-2025 12:00:00,104584.75,104842.63,102915.05,103197.01,7422.89891,04-Nov-2025 15:59:59
04-Nov-2025 16:00:00,103197.02,103500.05,100010.73,100542.64,13452.93585,04-Nov-2025 19:59:59
04-Nov-2025 20:00:00,100542.64,101893.09,98944.36,101497.22,12219.09327,04-Nov-2025 23:59:59
05-Nov-2025 00:00:00,101497.23,102272.23,98966.8,102130,11012.84461,05-Nov-2025 03:59:59
05-Nov-2025 04:00:00,102130,102370,101500,101993.02,4661.84078,05-Nov-2025 07:59:59
05-Nov-2025 08:00:00,101993.03,102203.48,101176.47,102070.61,3577.50149,05-Nov-2025 11:59:59
05-Nov-2025 12:00:00,102070.62,103798.37,101916.77,103728.3,6345.91865,05-Nov-2025 15:59:59
05-Nov-2025 16:00:00,103728.3,104529.41,103057.56,104008.09,5492.77185,05-Nov-2025 19:59:59
05-Nov-2025 20:00:00,104008.09,104534.74,103305.05,103885.16,2687.89833,05-Nov-2025 23:59:59
06-Nov-2025 00:00:00,103885.16,103933.33,102716.26,103636.03,3781.79437,06-Nov-2025 03:59:59
06-Nov-2025 04:00:00,103636.92,104200,102910.66,103185.48,2970.86552,06-Nov-2025 07:59:59
06-Nov-2025 08:00:00,103184.75,103440,102651.63,103227.58,2657.25315,06-Nov-2025 11:59:59
06-Nov-2025 12:00:00,103227.59,103626.46,101630,102014.48,6680.54627,06-Nov-2025 15:59:59
06-Nov-2025 16:00:00,102014.49,102393.51,100300.95,101388.81,6059.2639,06-Nov-2025 19:59:59
06-Nov-2025 20:00:00,101388.82,101643.28,100541.17,101346.04,3664.89818,06-Nov-2025 23:59:59
07-Nov-2025 00:00:00,101346.04,102500,100749.94,101916.29,3965.61372,07-Nov-2025 03:59:59
07-Nov-2025 04:00:00,101916.3,102527,101582.92,102010,3062.61099,07-Nov-2025 07:59:59
07-Nov-2025 08:00:00,102009.99,102050,99803.58,100411.89,6600.41114,07-Nov-2025 11:59:59
07-Nov-2025 12:00:00,100411.89,101253.99,99260.86,100797.95,8633.01674,07-Nov-2025 15:59:59
07-Nov-2025 16:00:00,100797.95,103395.25,100517.06,103395.25,6836.56812,07-Nov-2025 19:59:59
07-Nov-2025 20:00:00,103395.92,104096.36,102958,103339.08,2961.28871,07-Nov-2025 23:59:59
08-Nov-2025 00:00:00,103339.09,103406.22,102539.49,102592.76,2401.80651,08-Nov-2025 03:59:59
08-Nov-2025 04:00:00,102592.76,102836,101902.64,102352.96,2041.96251,08-Nov-2025 07:59:59
08-Nov-2025 08:00:00,102352.96,102687.72,101715.76,101857.1,1838.21057,08-Nov-2025 11:59:59
08-Nov-2025 12:00:00,101857.1,102186.99,101454,101711.45,3063.13156,08-Nov-2025 15:59:59
08-Nov-2025 16:00:00,101711.46,102219.39,101522.08,101989.65,2120.40711,08-Nov-2025 19:59:59
08-Nov-2025 20:00:00,101989.65,102482.2,101957.94,102312.94,925.26159,08-Nov-2025 23:59:59
09-Nov-2025 00:00:00,102312.95,102337.89,101400,101662.05,2156.33613,09-Nov-2025 03:59:59
09-Nov-2025 04:00:00,101662.05,102130.61,101635.96,101944.59,1101.66332,09-Nov-2025 07:59:59
09-Nov-2025 08:00:00,101944.6,102307.68,101500,102239.41,1825.56978,09-Nov-2025 11:59:59
09-Nov-2025 12:00:00,102239.41,104168,102050.64,103762.17,4687.64884,09-Nov-2025 15:59:59
09-Nov-2025 16:00:00,103762.18,104805.57,103316.23,104805.57,2824.51417,09-Nov-2025 19:59:59
09-Nov-2025 20:00:00,104805.57,105495.62,104058.59,104722.96,3743.23872,09-Nov-2025 23:59:59
10-Nov-2025 00:00:00,104722.95,106670.11,104265.02,106027.97,6501.34292,10-Nov-2025 03:59:59
10-Nov-2025 04:00:00,106027.97,106539.4,105846.26,106461.45,2684.13909,10-Nov-2025 07:59:59
10-Nov-2025 08:00:00,106461.46,106599.47,105836,106176.5,2356.44228,10-Nov-2025 11:59:59
10-Nov-2025 12:00:00,106176.5,106589.89,104667,105079.99,5720.78074,10-Nov-2025 15:59:59
10-Nov-2025 16:00:00,105079.99,106094.31,104784.36,105817.99,2756.40939,10-Nov-2025 19:59:59
10-Nov-2025 20:00:00,105818,106299.22,105280,106011.13,2663.14231,10-Nov-2025 23:59:59
11-Nov-2025 00:00:00,106011.13,107500,105500,106456,4935.02762,11-Nov-2025 03:59:59
11-Nov-2025 04:00:00,106456,106546,104741.2,104783.98,3316.23424,11-Nov-2025 07:59:59
11-Nov-2025 08:00:00,104783.99,105497.99,104762.23,105311.9,1804.62899,11-Nov-2025 11:59:59
11-Nov-2025 12:00:00,105311.9,105500,103170.33,103455.99,8851.069,11-Nov-2025 15:59:59
11-Nov-2025 16:00:00,103455.99,103730,102840.22,103126.39,2547.95909,11-Nov-2025 19:59:59
11-Nov-2025 20:00:00,103126.39,103224.29,102476.09,103058.99,2741.58824,11-Nov-2025 23:59:59
12-Nov-2025 00:00:00,103059,103440.96,102687.72,103310,2672.05561,12-Nov-2025 03:59:59
12-Nov-2025 04:00:00,103310,103654.38,103011,103112.66,2165.62446,12-Nov-2025 07:59:59
12-Nov-2025 08:00:00,103112.65,105200,103112.24,105020.83,3543.70691,12-Nov-2025 11:59:59
12-Nov-2025 12:00:00,105020.82,105333.33,101961.97,102173.51,5192.00313,12-Nov-2025 15:59:59
12-Nov-2025 16:00:00,102173.51,102285.18,100813.59,101297.31,4869.26591,12-Nov-2025 19:59:59
12-Nov-2025 20:00:00,101297.31,101999.35,101141.03,101654.37,2014.98304,12-Nov-2025 23:59:59
13-Nov-2025 00:00:00,101654.37,102604,100922.55,102130.21,3586.47221,13-Nov-2025 03:59:59
13-Nov-2025 04:00:00,102130.21,104085.01,101665.59,103475.66,4325.82278,13-Nov-2025 07:59:59
13-Nov-2025 08:00:00,103475.66,103811.49,102553.63,102936.5,3138.63943,13-Nov-2025 11:59:59
13-Nov-2025 12:00:00,102936.49,103483.83,101184.14,101382.64,6264.43277,13-Nov-2025 15:59:59
13-Nov-2025 16:00:00,101382.63,101540.93,98147.4,98682.14,12921.08077,13-Nov-2025 19:59:59
13-Nov-2025 20:00:00,98682.13,100501.31,98000.4,99692.02,5962.05975,13-Nov-2025 23:59:59
14-Nov-2025 00:00:00,99692.03,99866.02,98700,99139.38,5839.81569,14-Nov-2025 03:59:59
14-Nov-2025 04:00:00,99139.38,99178.58,95933.75,97151.98,11116.73192,14-Nov-2025 07:59:59
14-Nov-2025 08:00:00,97151.97,97553.7,95711,96167.44,5255.60132,14-Nov-2025 11:59:59
14-Nov-2025 12:00:00,96167.45,97322.35,94560.48,96796.14,14312.72078,14-Nov-2025 15:59:59
14-Nov-2025 16:00:00,96796.14,97411.11,94800.55,95778.29,5605.64502,14-Nov-2025 19:59:59
14-Nov-2025 20:00:00,95778.3,95940,94012.45,94594,5157.63008,14-Nov-2025 23:59:59
15-Nov-2025 00:00:00,94594,96846.68,94558.49,96417.12,4376.79077,15-Nov-2025 03:59:59
15-Nov-2025 04:00:00,96417.12,96570.65,95921.21,96333.86,2543.94362,15-Nov-2025 07:59:59
15-Nov-2025 08:00:00,96333.87,96350.52,95630,95696.87,2336.22638,15-Nov-2025 11:59:59
15-Nov-2025 12:00:00,95696.86,96471.22,95565.17,96260,1987.28578,15-Nov-2025 15:59:59
15-Nov-2025 16:00:00,96259.99,96419.65,95731.32,96012.01,1880.65231,15-Nov-2025 19:59:59
15-Nov-2025 20:00:00,96012.01,96012.01,95119.94,95596.24,1985.99505,15-Nov-2025 23:59:59
16-Nov-2025 00:00:00,95596.23,95979.79,94841.62,95825.02,1896.67006,16-Nov-2025 03:59:59
16-Nov-2025 04:00:00,95825.02,96192,95650.72,96099.99,1279.33932,16-Nov-2025 07:59:59
16-Nov-2025 08:00:00,96099.98,96635.11,95500,95627.13,2585.38054,16-Nov-2025 11:59:59
16-Nov-2025 12:00:00,95627.13,95900,94368.24,94573.46,2546.31874,16-Nov-2025 15:59:59
16-Nov-2025 16:00:00,94573.46,95567.79,93770.48,94020,9045.25375,16-Nov-2025 19:59:59
16-Nov-2025 20:00:00,94020.49,94739.74,93005.55,94261.44,6536.44269,16-Nov-2025 23:59:59
17-Nov-2025 00:00:00,94261.45,95559.99,93767.27,95496.77,4124.53725,17-Nov-2025 03:59:59
17-Nov-2025 04:00:00,95496.77,95880,94849.37,95653.77,3839.84656,17-Nov-2025 07:59:59
17-Nov-2025 08:00:00,95653.78,96026.71,95309.68,95565.38,3415.65942,17-Nov-2025 11:59:59
17-Nov-2025 12:00:00,95565.38,96043,93571.3,93959.67,8085.63652,17-Nov-2025 15:59:59
17-Nov-2025 16:00:00,93959.68,94419.88,91588,91678.93,11700.57582,17-Nov-2025 19:59:59
17-Nov-2025 20:00:00,91678.93,92399.48,91220,92215.14,8052.34249,17-Nov-2025 23:59:59
18-Nov-2025 00:00:00,92215.14,92357.51,89700,90842.72,10647.23561,18-Nov-2025 03:59:59
18-Nov-2025 04:00:00,90842.72,90851.66,89253.78,90512.1,9028.06735,18-Nov-2025 07:59:59
18-Nov-2025 08:00:00,90512.1,91617.17,90509.79,91517.82,5777.46408,18-Nov-2025 11:59:59
18-Nov-2025 12:00:00,91517.83,93049.91,90905.7,92910.1,7097.51563,18-Nov-2025 15:59:59
18-Nov-2025 16:00:00,92910.1,93836.01,92579.23,93195.61,4917.36921,18-Nov-2025 19:59:59
18-Nov-2025 20:00:00,93195.61,93423.74,92462.72,92960.83,2367.49581,18-Nov-2025 23:59:59
19-Nov-2025 00:00:00,92960.83,92980.22,91660.49,91874.52,3065.15376,19-Nov-2025 03:59:59
19-Nov-2025 04:00:00,91874.51,92028.92,90025.06,91863.64,5635.23952,19-Nov-2025 07:59:59
19-Nov-2025 08:00:00,91863.64,91950,91072.41,91410.22,2540.86239,19-Nov-2025 11:59:59
19-Nov-2025 12:00:00,91410.23,92384.61,89880,89951.7,6014.09197,19-Nov-2025 15:59:59
19-Nov-2025 16:00:00,89951.7,90232.56,88630.71,88884.56,8787.19485,19-Nov-2025 19:59:59
19-Nov-2025 20:00:00,88884.56,91594,88608,91554.96,6244.09511,19-Nov-2025 23:59:59
20-Nov-2025 00:00:00,91554.96,92798.14,91185.26,92440.32,3929.05974,20-Nov-2025 03:59:59
20-Nov-2025 04:00:00,92440.33,93160,91687.07,92320.18,3791.89,20-Nov-2025 07:59:59
20-Nov-2025 08:00:00,92320.18,92400.94,91440.55,91934,3200.83736,20-Nov-2025 11:59:59
20-Nov-2025 12:00:00,91934.01,92541.92,89835.34,89869.88,6162.85424,20-Nov-2025 15:59:59
20-Nov-2025 16:00:00,89869.88,89911.73,86100,86921.28,17595.68288,20-Nov-2025 19:59:59
20-Nov-2025 20:00:00,86921.27,88250,86325.23,86637.23,5052.86651,20-Nov-2025 23:59:59
21-Nov-2025 00:00:00,86637.22,87498.94,85360,85821.34,6428.51913,21-Nov-2025 03:59:59
21-Nov-2025 04:00:00,85821.35,86459.53,82000,84049.39,14205.49105,21-Nov-2025 07:59:59
21-Nov-2025 08:00:00,84049.38,84709.89,81648,82309.66,16184.92659,21-Nov-2025 11:59:59
21-Nov-2025 12:00:00,82309.67,85496,80600,82932.47,23041.35364,21-Nov-2025 15:59:59
21-Nov-2025 16:00:00,82932.46,85572.82,82333,84209.3,8107.54282,21-Nov-2025 19:59:59
21-Nov-2025 20:00:00,84209.3,85416.66,83464.96,85129.43,4288.29356,21-Nov-2025 23:59:59
22-Nov-2025 00:00:00,85129.42,85620,84212.39,84440.47,2923.21557,22-Nov-2025 03:59:59
22-Nov-2025 04:00:00,84440.48,84799.54,83832.91,84580.06,2218.31844,22-Nov-2025 07:59:59
22-Nov-2025 08:00:00,84580.06,84586.62,83500,84098.94,3342.45829,22-Nov-2025 11:59:59
22-Nov-2025 12:00:00,84098.94,84755.83,83620.16,84284.01,2668.44444,22-Nov-2025 15:59:59
22-Nov-2025 16:00:00,84284.01,84899,84219.62,84609.76,1351.08151,22-Nov-2025 19:59:59
22-Nov-2025 20:00:00,84609.77,85260,84237.7,84739.74,1690.41438,22-Nov-2025 23:59:59
23-Nov-2025 00:00:00,84739.75,86349.84,84667.57,86308.54,4004.15131,23-Nov-2025 03:59:59
23-Nov-2025 04:00:00,86308.54,86860,85420,85782.19,2913.01357,23-Nov-2025 07:59:59
23-Nov-2025 08:00:00,85782.18,86465.24,85768.22,86331.28,2087.40357,23-Nov-2025 11:59:59
23-Nov-2025 12:00:00,86331.28,87244.51,86271.1,87087.44,3471.36676,23-Nov-2025 15:59:59
23-Nov-2025 16:00:00,87087.44,87689.47,86502.47,87325.01,3711.9574,23-Nov-2025 19:59:59
23-Nov-2025 20:00:00,87325.01,88127.64,86701.54,86830,3546.57157,23-Nov-2025 23:59:59
24-Nov-2025 00:00:00,86830,88059.44,85946.65,87460.02,4318.16094,24-Nov-2025 03:59:59
24-Nov-2025 04:00:00,87460.03,87837.57,86450,87050.39,3276.3396,24-Nov-2025 07:59:59
24-Nov-2025 08:00:00,87050.39,87050.39,85696.56,86264.72,3484.50939,24-Nov-2025 11:59:59
24-Nov-2025 12:00:00,86264.71,86741.5,85272,86616.44,4635.50962,24-Nov-2025 15:59:59
24-Nov-2025 16:00:00,86616.44,88834.62,86616.43,88327.29,6003.91247,24-Nov-2025 19:59:59
24-Nov-2025 20:00:00,88327.29,89228,88252.5,88300.01,2944.69593,24-Nov-2025 23:59:59
25-Nov-2025 00:00:00,88300.01,88300.01,87457.53,87822.12,2506.39849,25-Nov-2025 03:59:59
25-Nov-2025 04:00:00,87822.12,88519.99,87300,87384.81,3032.60485,25-Nov-2025 07:59:59
25-Nov-2025 08:00:00,87384.81,87606.57,86666,87361.71,3402.11161,25-Nov-2025 11:59:59
25-Nov-2025 12:00:00,87361.71,87792.2,86116,86988.94,4897.6285,25-Nov-2025 15:59:59
25-Nov-2025 16:00:00,86988.93,88155.65,86182.49,86882.85,3228.35208,25-Nov-2025 19:59:59
25-Nov-2025 20:00:00,86882.84,87889.38,86565.48,87369.96,2499.94557,25-Nov-2025 23:59:59
26-Nov-2025 00:00:00,87369.97,88224,87069.97,87119.92,2235.2732,26-Nov-2025 03:59:59
26-Nov-2025 04:00:00,87119.93,87970,86909.99,87935.05,1828.65169,26-Nov-2025 07:59:59
26-Nov-2025 08:00:00,87935.05,87941.58,86670.36,87095.79,2199.53135,26-Nov-2025 11:59:59
26-Nov-2025 12:00:00,87095.78,87693.21,86306.77,86978,4198.26229,26-Nov-2025 15:59:59
26-Nov-2025 16:00:00,86977.99,90418.39,86956.61,89957.36,7510.43418,26-Nov-2025 19:59:59
26-Nov-2025 20:00:00,89957.37,90656.08,89508.85,90484.02,3703.66968,26-Nov-2025 23:59:59
27-Nov-2025 00:00:00,90484.01,91950,90089.91,91091.68,5743.81731,27-Nov-2025 03:59:59
27-Nov-2025 04:00:00,91091.68,91554.49,90889.11,91408.34,2443.78349,27-Nov-2025 07:59:59
27-Nov-2025 08:00:00,91408.34,91940.18,91221.17,91371.88,2353.99141,27-Nov-2025 11:59:59
27-Nov-2025 12:00:00,91371.87,91457.36,90438.43,90958.3,2921.51001,27-Nov-2025 15:59:59
27-Nov-2025 16:00:00,90958.29,91843.59,90850.77,91528.21,2279.61546,27-Nov-2025 19:59:59
27-Nov-2025 20:00:00,91528.22,91600,91114.52,91333.95,1090.79164,27-Nov-2025 23:59:59
28-Nov-2025 00:00:00,91333.94,91417.99,90652.55,91208.85,1930.05393,28-Nov-2025 03:59:59
28-Nov-2025 04:00:00,91208.85,91707.79,90867.43,90910.87,1873.92377,28-Nov-2025 07:59:59
28-Nov-2025 08:00:00,90910.87,92030,90907.98,91437.64,3175.31997,28-Nov-2025 11:59:59
28-Nov-2025 12:00:00,91437.64,93092,91380.94,92362.49,5046.613,28-Nov-2025 15:59:59
28-Nov-2025 16:00:00,92362.5,92376,90180.63,91157.44,5779.19663,28-Nov-2025 19:59:59
28-Nov-2025 20:00:00,91157.44,91247.16,90705.57,90890.7,1025.75282,28-Nov-2025 23:59:59
29-Nov-2025 00:00:00,90890.71,91119.99,90546.36,90680.26,940.81817,29-Nov-2025 03:59:59
29-Nov-2025 04:00:00,90680.26,90931.56,90311.92,90567.67,1229.54953,29-Nov-2025 07:59:59
29-Nov-2025 08:00:00,90567.66,90738.17,90376.37,90673.19,957.44805,29-Nov-2025 11:59:59
29-Nov-2025 12:00:00,90673.2,91110.36,90530.93,91063.5,1148.02698,29-Nov-2025 15:59:59
29-Nov-2025 16:00:00,91063.5,91165.65,90155.47,90640.78,2192.51887,29-Nov-2025 19:59:59
29-Nov-2025 20:00:00,90640.77,91051.87,90400.21,90802.44,961.52131,29-Nov-2025 23:59:59
30-Nov-2025 00:00:00,90802.44,91055.5,90471,90909.35,1115.17062,30-Nov-2025 03:59:59
30-Nov-2025 04:00:00,90909.35,91037.72,90670.4,90968.16,549.91781,30-Nov-2025 07:59:59
30-Nov-2025 08:00:00,90968.16,91632,90927.16,91048.78,2515.69204,30-Nov-2025 11:59:59
30-Nov-2025 12:00:00,91048.79,92000.01,91009,91435.31,2629.14986,30-Nov-2025 15:59:59
30-Nov-2025 16:00:00,91435.31,91850,91159.42,91460.79,1049.01646,30-Nov-2025 19:59:59
30-Nov-2025 20:00:00,91460.79,91626.75,90336.9,90360,1828.79496,30-Nov-2025 23:59:59
01-Dec-2025 00:00:00,90360.01,90417,86161.61,86346.13,10249.65966,01-Dec-2025 03:59:59
01-Dec-2025 04:00:00,86346.13,86578.06,85604,86550.3,4937.16707,01-Dec-2025 07:59:59
01-Dec-2025 08:00:00,86550.3,86938.01,86131.01,86149.15,3005.76787,01-Dec-2025 11:59:59
01-Dec-2025 12:00:00,86146.59,86674,83822.76,84677.87,8124.37241,01-Dec-2025 15:59:59
01-Dec-2025 16:00:00,84677.87,85555,84030.95,85024.5,4598.10295,01-Dec-2025 19:59:59
01-Dec-2025 20:00:00,85024.5,86860,85007.69,86286.01,3593.94231,01-Dec-2025 23:59:59
02-Dec-2025 00:00:00,86286.01,87350,86184.39,86976.99,3245.81604,02-Dec-2025 03:59:59
02-Dec-2025 04:00:00,86977,87288.48,86818.14,87012.65,1733.23534,02-Dec-2025 07:59:59
02-Dec-2025 08:00:00,87012.64,87628.78,86296.21,87368.92,3361.03567,02-Dec-2025 11:59:59
02-Dec-2025 12:00:00,87368.92,91200,87032.75,90850.01,9300.50019,02-Dec-2025 15:59:59
02-Dec-2025 16:00:00,90850.01,92307.65,90201,91903.39,6152.68006,02-Dec-2025 19:59:59
02-Dec-2025 20:00:00,91903.38,92000,90720.87,91277.88,4416.96002,02-Dec-2025 23:59:59
03-Dec-2025 00:00:00,91277.88,93087.09,90990.23,92628.91,4425.07634,03-Dec-2025 03:59:59
03-Dec-2025 04:00:00,92628.91,93958.58,92625,92999.99,4546.45939,03-Dec-2025 07:59:59
03-Dec-2025 08:00:00,93000,93389.62,92666,93005.68,2770.10259,03-Dec-2025 11:59:59
03-Dec-2025 12:00:00,93005.68,93700,91697,92373.3,6523.23972,03-Dec-2025 15:59:59
03-Dec-2025 16:00:00,92373.3,93500,91786.99,93024.99,3624.68485,03-Dec-2025 19:59:59
03-Dec-2025 20:00:00,93025,94150,92825.56,93429.95,3822.96296,03-Dec-2025 23:59:59
04-Dec-2025 00:00:00,93429.95,94080,92669.82,93543.04,3844.7002,04-Dec-2025 03:59:59
04-Dec-2025 04:00:00,93543.03,93588.48,92775,93397.67,3070.50786,04-Dec-2025 07:59:59
04-Dec-2025 08:00:00,93397.67,93621.31,92736.9,92948.31,1917.02375,04-Dec-2025 11:59:59
04-Dec-2025 12:00:00,92948.32,93257,91801,92971.49,4296.15789,04-Dec-2025 15:59:59
04-Dec-2025 16:00:00,92971.49,93174.55,90889,91975.44,4860.7112,04-Dec-2025 19:59:59
04-Dec-2025 20:00:00,91975.43,92718.53,91688.92,92078.06,1814.83969,04-Dec-2025 23:59:59
05-Dec-2025 00:00:00,92078.06,92692.36,91959.92,92142.75,1751.29187,05-Dec-2025 03:59:59
05-Dec-2025 04:00:00,92142.75,92497.51,91813.37,92258.65,1387.19156,05-Dec-2025 07:59:59
05-Dec-2025 08:00:00,92258.64,92258.65,90956.25,91351.43,2431.69816,05-Dec-2025 11:59:59
05-Dec-2025 12:00:00,91351.44,91478.67,89874.7,90459.35,5344.16253,05-Dec-2025 15:59:59
05-Dec-2025 16:00:00,90459.34,90498.59,88056,89629.26,6507.53794,05-Dec-2025 19:59:59
05-Dec-2025 20:00:00,89629.27,89745.37,88901.6,89330.04,2371.09012,05-Dec-2025 23:59:59
06-Dec-2025 00:00:00,89330.04,89806.43,89030.67,89688.35,1531.03301,06-Dec-2025 03:59:59
06-Dec-2025 04:00:00,89688.35,89764.19,89459.19,89597.13,769.5235,06-Dec-2025 07:59:59
06-Dec-2025 08:00:00,89597.14,89750.01,89217.59,89631.28,1504.70502,06-Dec-2025 11:59:59
06-Dec-2025 12:00:00,89631.29,90289.97,89490.98,89758.77,2052.08066,06-Dec-2025 15:59:59
06-Dec-2025 16:00:00,89758.77,89981.2,89077.6,89405.64,1483.59614,06-Dec-2025 19:59:59
06-Dec-2025 20:00:00,89405.65,89615.34,88908.01,89236.79,1068.56183,06-Dec-2025 23:59:59
07-Dec-2025 00:00:00,89236.8,89749.59,89176.52,89722.37,712.48717,07-Dec-2025 03:59:59
07-Dec-2025 04:00:00,89722.37,89799.96,89200,89379.72,739.06202,07-Dec-2025 07:59:59
07-Dec-2025 08:00:00,89379.73,89538.7,89050.01,89149.18,786.60016,07-Dec-2025 11:59:59
07-Dec-2025 12:00:00,89149.18,89707.54,87719.28,89554.52,3916.92116,07-Dec-2025 15:59:59
07-Dec-2025 16:00:00,89554.52,91760,89115.85,91425.52,3838.31073,07-Dec-2025 19:59:59
07-Dec-2025 20:00:00,91425.51,91510.4,88995.33,90395.31,3027.73061,07-Dec-2025 23:59:59
08-Dec-2025 00:00:00,90395.32,91700,89860,91068.29,2453.60415,08-Dec-2025 03:59:59
08-Dec-2025 04:00:00,91068.3,91868.76,91023.06,91565.46,1592.48822,08-Dec-2025 07:59:59
08-Dec-2025 08:00:00,91565.46,92287.15,91486.46,91968.29,1953.05465,08-Dec-2025 11:59:59
08-Dec-2025 12:00:00,91968.29,92122.08,89612,89961.37,5223.15445,08-Dec-2025 15:59:59
08-Dec-2025 16:00:00,89961.36,90527.3,89679.79,90124.48,2589.84253,08-Dec-2025 19:59:59
08-Dec-2025 20:00:00,90124.49,91374,90124.49,90634.34,1981.49487,08-Dec-2025 23:59:59
09-Dec-2025 00:00:00,90634.35,90846.26,89795.84,90405.01,2355.41188,09-Dec-2025 03:59:59
09-Dec-2025 04:00:00,90405.02,90528.67,89500,90496.8,1867.61874,09-Dec-2025 07:59:59
09-Dec-2025 08:00:00,90496.8,90600,89912.48,90384.55,1562.48442,09-Dec-2025 11:59:59
09-Dec-2025 12:00:00,90384.54,92876.92,90004.73,92707.51,4917.67396,09-Dec-2025 15:59:59
09-Dec-2025 16:00:00,92707.5,94588.99,92693.5,93800.83,7304.45224,09-Dec-2025 19:59:59
09-Dec-2025 20:00:00,93800.83,93857.47,92254.92,92678.8,3232.7889,09-Dec-2025 23:59:59
10-Dec-2025 00:00:00,92678.81,92786.35,91976,92410.62,1996.9993,10-Dec-2025 03:59:59
10-Dec-2025 04:00:00,92410.62,92782.92,92386.83,92782.91,1363.84988,10-Dec-2025 07:59:59
10-Dec-2025 08:00:00,92782.91,93291.5,91763.69,92120.45,2623.05995,10-Dec-2025 11:59:59
10-Dec-2025 12:00:00,92120.45,92226,91563.15,92063.69,2523.14963,10-Dec-2025 15:59:59
10-Dec-2025 16:00:00,92063.69,93243.59,91684.39,92957.67,5420.4848,10-Dec-2025 19:59:59
10-Dec-2025 20:00:00,92957.67,94476,91878,92015.37,5071.13727,10-Dec-2025 23:59:59
11-Dec-2025 00:00:00,92015.38,92080.32,89389.63,89880.01,4081.1469,11-Dec-2025 03:59:59
11-Dec-2025 04:00:00,89880,90480.14,89694.81,90272.75,2245.33099,11-Dec-2025 07:59:59
11-Dec-2025 08:00:00,90272.76,90504.19,89971.11,90242.35,1503.95888,11-Dec-2025 11:59:59
11-Dec-2025 12:00:00,90242.36,90653.33,89260.63,89872.51,3541.05902,11-Dec-2025 15:59:59
11-Dec-2025 16:00:00,89872.51,91538.26,89333,90839.81,3643.99089,11-Dec-2025 19:59:59
11-Dec-2025 20:00:00,90839.81,93555,90797.76,92513.38,4957.1009,11-Dec-2025 23:59:59
12-Dec-2025 00:00:00,92513.38,92754,91448.31,92283.4,2164.71329,12-Dec-2025 03:59:59
12-Dec-2025 04:00:00,92283.4,92720,92078.91,92425.34,1494.20203,12-Dec-2025 07:59:59
12-Dec-2025 08:00:00,92425.33,92650.01,92044.8,92418.19,1624.00539,12-Dec-2025 11:59:59
12-Dec-2025 12:00:00,92418.19,92660.74,89780,89935.14,5560.13281,12-Dec-2025 15:59:59
12-Dec-2025 16:00:00,89935.13,90666,89480,90198.22,4659.32825,12-Dec-2025 19:59:59
12-Dec-2025 20:00:00,90198.23,90404.13,89898.61,90268.42,1176.80992,12-Dec-2025 23:59:59
13-Dec-2025 00:00:00,90268.43,90469.71,90120,90345.54,648.76329,13-Dec-2025 03:59:59
13-Dec-2025 04:00:00,90345.55,90410.5,90268.91,90329.97,451.53525,13-Dec-2025 07:59:59
13-Dec-2025 08:00:00,90329.98,90634.55,90290,90330.36,1525.87319,13-Dec-2025 11:59:59
13-Dec-2025 12:00:00,90330.36,90470.3,89932.99,90092.16,1906.98893,13-Dec-2025 15:59:59
13-Dec-2025 16:00:00,90092.17,90268.13,89981,90178.16,675.23738,13-Dec-2025 19:59:59
13-Dec-2025 20:00:00,90178.17,90280.76,89766.39,90240.01,687.30984,13-Dec-2025 23:59:59
14-Dec-2025 00:00:00,90240,90472.4,90117.05,90258.98,710.94131,14-Dec-2025 03:59:59
14-Dec-2025 04:00:00,90258.99,90329.24,90050.74,90245.6,689.83584,14-Dec-2025 07:59:59
14-Dec-2025 08:00:00,90245.6,90280.01,88687.27,89360,2036.12797,14-Dec-2025 11:59:59
14-Dec-2025 12:00:00,89360.01,89666,88882.66,89022.91,1729.70637,14-Dec-2025 15:59:59
14-Dec-2025 16:00:00,89022.92,89398.71,88497.02,88644.88,1685.20822,14-Dec-2025 19:59:59
14-Dec-2025 20:00:00,88644.88,88827.71,87577.36,88172.17,2565.12033,14-Dec-2025 23:59:59
15-Dec-2025 00:00:00,88172.16,90052.64,88074.37,89282.6,2699.66065,15-Dec-2025 03:59:59
15-Dec-2025 04:00:00,89282.6,89918.48,89272.88,89753.42,1316.93789,15-Dec-2025 07:59:59
15-Dec-2025 08:00:00,89753.43,89986.68,89572.05,89641.28,1524.38986,15-Dec-2025 11:59:59
15-Dec-2025 12:00:00,89641.28,89876.42,86621.91,87033.22,5888.02922,15-Dec-2025 15:59:59
15-Dec-2025 16:00:00,87033.21,87220,85146.64,86149.96,5789.22914,15-Dec-2025 19:59:59
15-Dec-2025 20:00:00,86149.96,86472.7,85530.01,86432.08,2560.44514,15-Dec-2025 23:59:59
16-Dec-2025 00:00:00,86432.08,86535.22,85386,85875.92,2272.8575,16-Dec-2025 03:59:59
16-Dec-2025 04:00:00,85875.91,86615.38,85266,86021.51,2433.06768,16-Dec-2025 07:59:59
16-Dec-2025 08:00:00,86021.51,87330,85930.97,87261.45,2417.24589,16-Dec-2025 11:59:59
16-Dec-2025 12:00:00,87261.46,88175.98,86107.43,87977.43,6730.13202,16-Dec-2025 15:59:59
16-Dec-2025 16:00:00,87977.44,88050.17,87061.23,87585.77,3497.7582,16-Dec-2025 19:59:59
16-Dec-2025 20:00:00,87585.76,87931.48,87343.75,87863.42,1104.98888,16-Dec-2025 23:59:59
17-Dec-2025 00:00:00,87863.43,87950,87150.01,87213.59,1179.65134,17-Dec-2025 03:59:59
17-Dec-2025 04:00:00,87213.6,87398.54,86209.11,87045.59,2094.81095,17-Dec-2025 07:59:59
17-Dec-2025 08:00:00,87045.59,87137.42,86238.91,86983.26,1681.2327,17-Dec-2025 11:59:59
17-Dec-2025 12:00:00,86983.26,90365.85,86817.27,87233.44,8132.27731,17-Dec-2025 15:59:59
17-Dec-2025 16:00:00,87233.44,87769.23,85314,86018.53,5045.61646,17-Dec-2025 19:59:59
17-Dec-2025 20:00:00,86018.53,86431.14,85644.09,86243.22,1700.52853,17-Dec-2025 23:59:59
18-Dec-2025 00:00:00,86243.23,86863.75,85863.93,86618.34,1716.00096,18-Dec-2025 03:59:59
18-Dec-2025 04:00:00,86618.35,86901.4,86384.61,86833.84,1551.20199,18-Dec-2025 07:59:59
18-Dec-2025 08:00:00,86833.83,87453.63,86685.14,87300.74,1894.81711,18-Dec-2025 11:59:59
18-Dec-2025 12:00:00,87300.5,89477.61,87109.76,88513.44,7315.08784,18-Dec-2025 15:59:59
18-Dec-2025 16:00:00,88513.43,88533.61,84481.31,84483.79,9332.10895,18-Dec-2025 19:59:59
18-Dec-2025 20:00:00,84483.8,85835.9,84450.01,85516.41,3596.20078,18-Dec-2025 23:59:59
19-Dec-2025 00:00:00,85516.41,87568.99,85110.24,86891.39,3311.66901,19-Dec-2025 03:59:59
19-Dec-2025 04:00:00,86891.39,88449.06,86647.51,87953.4,3713.59538,19-Dec-2025 07:59:59
19-Dec-2025 08:00:00,87953.39,88385.06,87742.6,88198.7,1797.82182,19-Dec-2025 11:59:59
19-Dec-2025 12:00:00,88198.7,89399.97,87514.59,87951.87,5988.71834,19-Dec-2025 15:59:59
19-Dec-2025 16:00:00,87951.86,88882.55,86846.16,87845.92,4584.61046,19-Dec-2025 19:59:59
19-Dec-2025 20:00:00,87845.92,88426.85,87614.79,88136.94,1860.23503,19-Dec-2025 23:59:59
20-Dec-2025 00:00:00,88136.95,88339.27,87961.6,88214.98,984.44715,20-Dec-2025 03:59:59
20-Dec-2025 04:00:00,88214.98,88573.07,88123.07,88275.41,797.87192,20-Dec-2025 07:59:59
20-Dec-2025 08:00:00,88275.41,88428,88107.35,88277.66,821.72303,20-Dec-2025 11:59:59
20-Dec-2025 12:00:00,88277.66,88343.73,87795.76,88178.71,1315.67537,20-Dec-2025 15:59:59
20-Dec-2025 16:00:00,88178.72,88418.73,88103.54,88232.92,574.10491,20-Dec-2025 19:59:59
20-Dec-2025 20:00:00,88232.92,88443.44,88154.06,88360.9,629.30956,20-Dec-2025 23:59:59
21-Dec-2025 00:00:00,88360.91,88433.64,87869.35,88070.64,991.41687,21-Dec-2025 03:59:59
21-Dec-2025 04:00:00,88070.64,88201.59,88050,88174.79,455.57319,21-Dec-2025 07:59:59
21-Dec-2025 08:00:00,88174.79,89081.77,88141.87,88601.57,1439.81605,21-Dec-2025 11:59:59
21-Dec-2025 12:00:00,88601.57,88920.01,87600.04,88067.95,2206.50881,21-Dec-2025 15:59:59
21-Dec-2025 16:00:00,88067.96,88600,87950,88484.01,1240.46771,21-Dec-2025 19:59:59
21-Dec-2025 20:00:00,88484.01,88823.52,88091.96,88658.86,799.08995,21-Dec-2025 23:59:59
22-Dec-2025 00:00:00,88658.87,89627.24,87900,88774.12,2619.97992,22-Dec-2025 03:59:59
22-Dec-2025 04:00:00,88774.13,89200,88712.11,89170.1,1290.70342,22-Dec-2025 07:59:59
22-Dec-2025 08:00:00,89170.1,90118,89093.44,89945.43,2622.90199,22-Dec-2025 11:59:59
22-Dec-2025 12:00:00,89945.43,90588.23,89196.42,89726.92,3942.72215,22-Dec-2025 15:59:59
22-Dec-2025 16:00:00,89726.93,90127,87965.76,88052.43,2609.5493,22-Dec-2025 19:59:59
22-Dec-2025 20:00:00,88052.42,88833.33,87911.79,88620.79,1587.36292,22-Dec-2025 23:59:59
23-Dec-2025 00:00:00,88620.79,88940,87800,88170,1505.70483,23-Dec-2025 03:59:59
23-Dec-2025 04:00:00,88170,88368.1,87051.52,87574.79,1996.43062,23-Dec-2025 07:59:59
23-Dec-2025 08:00:00,87574.78,87890,87297.69,87856.65,1432.37853,23-Dec-2025 11:59:59
23-Dec-2025 12:00:00,87856.66,87963.03,86601.9,87443.45,3407.99312,23-Dec-2025 15:59:59
23-Dec-2025 16:00:00,87443.45,88275.4,87162.39,87752.87,3220.82979,23-Dec-2025 19:59:59
23-Dec-2025 20:00:00,87752.88,88372.35,87180,87486,2346.99215,23-Dec-2025 23:59:59
24-Dec-2025 00:00:00,87486,87839.66,86863.88,87336.23,1598.88886,24-Dec-2025 03:59:59
24-Dec-2025 04:00:00,87336.23,87458.54,86796.65,86911.53,1349.63742,24-Dec-2025 07:59:59
24-Dec-2025 08:00:00,86911.53,87359.59,86724.05,87203.94,1188.37005,24-Dec-2025 11:59:59
24-Dec-2025 12:00:00,87203.94,87478.59,86420,87049.99,2300.52897,24-Dec-2025 15:59:59
24-Dec-2025 16:00:00,87050,87670,86917.25,87566.06,1746.44928,24-Dec-2025 19:59:59
24-Dec-2025 20:00:00,87566.07,88049.89,87516.77,87669.45,956.96862,24-Dec-2025 23:59:59
25-Dec-2025 00:00:00,87669.44,87967.5,87508.52,87840.42,652.86225,25-Dec-2025 03:59:59
25-Dec-2025 04:00:00,87840.42,87862.2,87661.17,87837.59,568.68423,25-Dec-2025 07:59:59
25-Dec-2025 08:00:00,87837.59,87888,87251.6,87519.44,1203.75216,25-Dec-2025 11:59:59
25-Dec-2025 12:00:00,87519.45,88592.74,87398.78,88371.27,1933.47252,25-Dec-2025 15:59:59
25-Dec-2025 16:00:00,88371.27,88478,87993.21,88151.18,1039.54656,25-Dec-2025 19:59:59
25-Dec-2025 20:00:00,88151.19,88167.65,86934.72,87225.27,1698.26463,25-Dec-2025 23:59:59
26-Dec-2025 00:00:00,87225.27,89440,86891.7,88844.87,4964.62578,26-Dec-2025 03:59:59
26-Dec-2025 04:00:00,88844.88,89567.75,88347.45,88470.75,3154.47608,26-Dec-2025 07:59:59
26-Dec-2025 08:00:00,88470.75,88918.59,88414.81,88533.42,1250.32549,26-Dec-2025 11:59:59
26-Dec-2025 12:00:00,88533.43,89050,86655.08,87137.81,5932.37434,26-Dec-2025 15:59:59
26-Dec-2025 16:00:00,87137.81,87580.29,86818.18,87501.83,1940.76351,26-Dec-2025 19:59:59
26-Dec-2025 20:00:00,87501.83,87792.7,87321.4,87369.56,1102.04985,26-Dec-2025 23:59:59
27-Dec-2025 00:00:00,87369.56,87532,87253.05,87514.22,675.35016,27-Dec-2025 03:59:59
27-Dec-2025 04:00:00,87514.23,87702,87417.93,87539.26,515.35353,27-Dec-2025 07:59:59
27-Dec-2025 08:00:00,87539.26,87677,87370.73,87475.98,1077.75463,27-Dec-2025 11:59:59
27-Dec-2025 12:00:00,87475.99,87589.99,87308.05,87551.25,749.39054,27-Dec-2025 15:59:59
27-Dec-2025 16:00:00,87551.26,87591,87442.08,87569.39,566.59122,27-Dec-2025 19:59:59
27-Dec-2025 20:00:00,87569.39,87984,87499.99,87877.01,885.11148,27-Dec-2025 23:59:59
28-Dec-2025 00:00:00,87877,87961.37,87705.97,87740.01,672.08653,28-Dec-2025 03:59:59
28-Dec-2025 04:00:00,87740,87837.99,87614.79,87730.85,442.23022,28-Dec-2025 07:59:59
28-Dec-2025 08:00:00,87730.86,88010,87720,87883.25,760.04376,28-Dec-2025 11:59:59
28-Dec-2025 12:00:00,87883.25,88088.75,87794.86,87836.27,821.25662,28-Dec-2025 15:59:59
28-Dec-2025 16:00:00,87836.27,87931.59,87500.26,87520.75,881.83702,28-Dec-2025 19:59:59
28-Dec-2025 20:00:00,87520.75,88049.53,87435,87952.71,868.8387,28-Dec-2025 23:59:59
29-Dec-2025 00:00:00,87952.71,90169.06,87813.17,90123.55,4759.05691,29-Dec-2025 03:59:59
29-Dec-2025 04:00:00,90123.55,90406.08,89507.03,89617.71,3502.98691,29-Dec-2025 07:59:59
29-Dec-2025 08:00:00,89617.71,89825.01,87567.65,87567.66,4608.77018,29-Dec-2025 11:59:59
29-Dec-2025 12:00:00,87567.65,88190.71,86806.5,87691.62,4178.35066,29-Dec-2025 15:59:59
29-Dec-2025 16:00:00,87691.62,87996.22,87312.34,87366.23,1457.68333,29-Dec-2025 19:59:59
29-Dec-2025 20:00:00,87366.23,87597.59,87071.49,87237.13,1388.13776,29-Dec-2025 23:59:59
30-Dec-2025 00:00:00,87237.13,87423.65,86845.66,87379,1520.57005,30-Dec-2025 03:59:59
30-Dec-2025 04:00:00,87378.99,87600,87157.07,87502.85,1077.59137,30-Dec-2025 07:59:59
30-Dec-2025 08:00:00,87502.85,88224.76,87502.84,87903.89,2468.25039,30-Dec-2025 11:59:59
30-Dec-2025 12:00:00,87903.89,89159.52,87834.01,89016.35,3882.44573,30-Dec-2025 15:59:59
30-Dec-2025 16:00:00,89016.36,89400,87960.2,88226.16,2912.38545,30-Dec-2025 19:59:59
30-Dec-2025 20:00:00,88226.15,88573.65,87886.46,88485.49,1244.66702,30-Dec-2025 23:59:59
31-Dec-2025 00:00:00,88485.5,88819.8,88172.15,88453.04,1131.98072,31-Dec-2025 03:59:59
31-Dec-2025 04:00:00,88453.04,88638.76,88325.06,88613.12,972.41187,31-Dec-2025 07:59:59
31-Dec-2025 08:00:00,88613.11,89046.6,88393.52,89011.52,1674.66744,31-Dec-2025 11:59:59
31-Dec-2025 12:00:00,89011.51,89200,87766.59,87953.97,3261.85615,31-Dec-2025 15:59:59
31-Dec-2025 16:00:00,87953.97,88053.49,87400.41,87541.85,2936.14316,31-Dec-2025 19:59:59
31-Dec-2025 20:00:00,87541.85,87879.04,87250,87648.22,1581.56113,31-Dec-2025 23:59:59
01-Jan-2026 00:00:00,87648.21,88088.1,87632.74,87846.02,833.74412,01-Jan-2026 03:59:59
01-Jan-2026 04:00:00,87846.01,87854.81,87550.43,87631.88,1108.52485,01-Jan-2026 07:59:59
01-Jan-2026 08:00:00,87631.88,88024.64,87631.87,88024.64,819.82493,01-Jan-2026 11:59:59
01-Jan-2026 12:00:00,88024.64,88113.45,87810.66,88032.18,1005.89204,01-Jan-2026 15:59:59
01-Jan-2026 16:00:00,88032.17,88500,87879.03,88391.15,1140.33499,01-Jan-2026 19:59:59
01-Jan-2026 20:00:00,88391.16,88919.45,88240,88839.04,1371.2504,01-Jan-2026 23:59:59
02-Jan-2026 00:00:00,88839.05,89120.01,88379.88,88950.65,1615.06136,02-Jan-2026 03:59:59
02-Jan-2026 04:00:00,88950.64,89079.44,88576.56,88857.61,1190.3172,02-Jan-2026 07:59:59
02-Jan-2026 08:00:00,88857.6,89942.44,88758.94,89502.95,3334.56621,02-Jan-2026 11:59:59
02-Jan-2026 12:00:00,89502.94,90135,88459.96,89418.11,4573.8437,02-Jan-2026 15:59:59
02-Jan-2026 16:00:00,89418.1,90961.81,89205.92,89897.23,5155.47201,02-Jan-2026 19:59:59
02-Jan-2026 20:00:00,89897.23,90400,89636.77,89995.13,1527.71253,02-Jan-2026 23:59:59
03-Jan-2026 00:00:00,89995.14,90418.32,89966.48,90321.22,1026.19409,03-Jan-2026 03:59:59
03-Jan-2026 04:00:00,90321.23,90480.62,89314.01,89577.13,1777.4168,03-Jan-2026 07:59:59
03-Jan-2026 08:00:00,89577.13,89982.11,89420.75,89752.74,1301.1092,03-Jan-2026 11:59:59
03-Jan-2026 12:00:00,89752.75,90249.99,89664.93,89969.31,1115.15116,03-Jan-2026 15:59:59
03-Jan-2026 16:00:00,89969.31,90219.67,89918.59,90123.77,516.07827,03-Jan-2026 19:59:59
03-Jan-2026 20:00:00,90123.76,90741.16,90017.23,90628.01,1321.51764,03-Jan-2026 23:59:59
04-Jan-2026 00:00:00,90628.01,91610.17,90628,91236.78,2719.43418,04-Jan-2026 03:59:59
04-Jan-2026 04:00:00,91236.78,91810,91183.15,91532,1833.66412,04-Jan-2026 07:59:59
04-Jan-2026 08:00:00,91532,91620.5,91174.46,91300,2596.25909,04-Jan-2026 11:59:59
04-Jan-2026 12:00:00,91300.01,91419.22,91014.1,91334.94,1316.31831,04-Jan-2026 15:59:59
04-Jan-2026 16:00:00,91334.94,91455.9,90863.47,91138.07,1140.52954,04-Jan-2026 19:59:59
04-Jan-2026 20:00:00,91138.06,91590,91132,91529.73,820.32446,04-Jan-2026 23:59:59
05-Jan-2026 00:00:00,91529.74,93388,91514.81,92878.22,5548.56251,05-Jan-2026 03:59:59
05-Jan-2026 04:00:00,92878.22,92947.87,92155,92520.63,1838.8669,05-Jan-2026 07:59:59
05-Jan-2026 08:00:00,92520.63,93151,92320.17,93134.26,2498.18846,05-Jan-2026 11:59:59
05-Jan-2026 12:00:00,93134.25,94000,92407.13,93957.73,4224.09624,05-Jan-2026 15:59:59
05-Jan-2026 16:00:00,93957.74,94500,93250,94303.4,4190.38211,05-Jan-2026 19:59:59
05-Jan-2026 20:00:00,94303.4,94789.08,93800,93859.71,2373.49962,05-Jan-2026 23:59:59
06-Jan-2026 00:00:00,93859.71,94161.86,93529.18,93769.24,1527.94713,06-Jan-2026 03:59:59
06-Jan-2026 04:00:00,93769.25,94000,93137.98,93255.08,2037.39443,06-Jan-2026 07:59:59
06-Jan-2026 08:00:00,93255.08,93895,93167.29,93840,1360.24604,06-Jan-2026 11:59:59
06-Jan-2026 12:00:00,93839.99,94444.44,93352.01,93648.99,3747.64759,06-Jan-2026 15:59:59
06-Jan-2026 16:00:00,93649,93775.6,91262.94,92104.5,6154.50415,06-Jan-2026 19:59:59
06-Jan-2026 20:00:00,92104.49,93845.03,92098.29,93747.97,3718.67895,06-Jan-2026 23:59:59
07-Jan-2026 00:00:00,93747.97,93747.97,92236.07,92815.83,2673.21579,07-Jan-2026 03:59:59
07-Jan-2026 04:00:00,92815.83,92930.35,92500,92879.13,1043.57297,07-Jan-2026 07:59:59
07-Jan-2026 08:00:00,92879.14,92961.53,91600,92087.21,2601.79745,07-Jan-2026 11:59:59
07-Jan-2026 12:00:00,92087.21,92299.4,91024,91349.96,3623.32777,07-Jan-2026 15:59:59
07-Jan-2026 16:00:00,91349.95,91790,90675.52,91186.07,2653.80915,07-Jan-2026 19:59:59
07-Jan-2026 20:00:00,91186.07,91489.6,90778.32,91364.16,1680.76712,07-Jan-2026 23:59:59
08-Jan-2026 00:00:00,91364.16,91687.99,90616.36,90813.4,1794.84191,08-Jan-2026 03:59:59
08-Jan-2026 04:00:00,90813.4,91188,89641.84,90548.02,3107.77644,08-Jan-2026 07:59:59
08-Jan-2026 08:00:00,90548.02,90917.22,89777.25,90226.77,2431.28077,08-Jan-2026 11:59:59
08-Jan-2026 12:00:00,90226.77,90847.52,89311,90781.57,4384.25882,08-Jan-2026 15:59:59
08-Jan-2026 16:00:00,90781.57,91469,90312.89,90937.41,2656.5893,08-Jan-2026 19:59:59
08-Jan-2026 20:00:00,90937.42,91493,90568.11,91099.99,1758.04393,08-Jan-2026 23:59:59
09-Jan-2026 00:00:00,91100,91632.1,90850,91220.23,1573.86844,09-Jan-2026 03:59:59
09-Jan-2026 04:00:00,91220.24,91236.72,90738.34,90741.84,1493.55612,09-Jan-2026 07:59:59
09-Jan-2026 08:00:00,90741.85,90843.77,89694.66,90463.11,2586.72373,09-Jan-2026 11:59:59
09-Jan-2026 12:00:00,90463.12,92082.55,89850,91176.47,5694.3606,09-Jan-2026 15:59:59
09-Jan-2026 16:00:00,91176.48,91783.32,90190,90332.15,2962.09045,09-Jan-2026 19:59:59
09-Jan-2026 20:00:00,90332.14,90732.01,90113.87,90641.28,1279.68005,09-Jan-2026 23:59:59
10-Jan-2026 00:00:00,90641.27,90782.23,90527.99,90626.14,528.98968,10-Jan-2026 03:59:59
10-Jan-2026 04:00:00,90626.15,90682.7,90408.23,90678.5,491.62648,10-Jan-2026 07:59:59
10-Jan-2026 08:00:00,90678.5,90832,90618.28,90723.86,647.39632,10-Jan-2026 11:59:59
10-Jan-2026 12:00:00,90723.87,90788.78,90538.46,90665.75,414.48163,10-Jan-2026 15:59:59
10-Jan-2026 16:00:00,90665.76,90746,90504.55,90626.54,530.14761,10-Jan-2026 19:59:59
10-Jan-2026 20:00:00,90626.54,90659.03,90404,90504.7,491.4755,10-Jan-2026 23:59:59
11-Jan-2026 00:00:00,90504.7,90737.95,90451.1,90733.5,463.88039,11-Jan-2026 03:59:59
11-Jan-2026 04:00:00,90733.49,90850,90585.34,90710.79,546.84342,11-Jan-2026 07:59:59
11-Jan-2026 08:00:00,90710.8,90816,90610.27,90754.99,694.37617,11-Jan-2026 11:59:59
11-Jan-2026 12:00:00,90754.99,91191.5,90708.25,90875.79,1144.02813,11-Jan-2026 15:59:59
11-Jan-2026 16:00:00,90875.79,91283.89,90673.3,90690.8,961.40735,11-Jan-2026 19:59:59
11-Jan-2026 20:00:00,90690.81,91041.79,90236,91013.65,1666.60048,11-Jan-2026 23:59:59
12-Jan-2026 00:00:00,91013.66,92519.95,90700.29,91808.12,3786.46912,12-Jan-2026 03:59:59
12-Jan-2026 04:00:00,91808.12,92290.81,91381.36,91408.09,1706.23351,12-Jan-2026 07:59:59
12-Jan-2026 08:00:00,91408.09,91630.13,90370,90620.96,2761.14204,12-Jan-2026 11:59:59
12-Jan-2026 12:00:00,90620.95,91665,90128.44,91665,2904.06995,12-Jan-2026 15:59:59
12-Jan-2026 16:00:00,91664.99,92332,91000.53,91861.27,3629.97324,12-Jan-2026 19:59:59
12-Jan-2026 20:00:00,91861.27,92046.23,90938.2,91296.2,1400.19482,12-Jan-2026 23:59:59
13-Jan-2026 00:00:00,91296.2,91546.08,91042.66,91408.91,1312.52459,13-Jan-2026 03:59:59
13-Jan-2026 04:00:00,91408.9,92275.38,91350.71,91942,2568.59009,13-Jan-2026 07:59:59
13-Jan-2026 08:00:00,91941.99,92672.11,91924.27,92000.74,2545.21662,13-Jan-2026 11:59:59
13-Jan-2026 12:00:00,92000.73,93450,91787.61,93449.99,4336.89557,13-Jan-2026 15:59:59
13-Jan-2026 16:00:00,93449.99,94231.82,93078.31,94226.84,4752.59807,13-Jan-2026 19:59:59
13-Jan-2026 20:00:00,94226.85,96495,94062,95414,7505.68988,13-Jan-2026 23:59:59
14-Jan-2026 00:00:00,95413.99,95722.01,95116.03,95720.99,2381.89992,14-Jan-2026 03:59:59
14-Jan-2026 04:00:00,95720.99,95799.22,94559.28,95205.1,2873.6342,14-Jan-2026 07:59:59
14-Jan-2026 08:00:00,95205.11,95315.15,94737.95,94792.99,1756.03488,14-Jan-2026 11:59:59
14-Jan-2026 12:00:00,94793,97084.68,94680.67,96764.57,6031.62524,14-Jan-2026 15:59:59
14-Jan-2026 16:00:00,96764.57,97777,96246.56,97267.42,6680.63165,14-Jan-2026 19:59:59
14-Jan-2026 20:00:00,97267.42,97924.49,96772.02,96951.78,3128.06839,14-Jan-2026 23:59:59
15-Jan-2026 00:00:00,96951.78,97000,95777,95985.1,2821.68199,15-Jan-2026 03:59:59
15-Jan-2026 04:00:00,95985.11,96760.15,95952.89,96630.48,2056.29256,15-Jan-2026 07:59:59
15-Jan-2026 08:00:00,96630.47,97193.34,96289.98,96581.08,2793.34386,15-Jan-2026 11:59:59
15-Jan-2026 12:00:00,96581.07,97165.03,95435.91,96737.04,4818.18164,15-Jan-2026 15:59:59
15-Jan-2026 16:00:00,96737.04,97163,95183.13,95516.01,7868.89039,15-Jan-2026 19:59:59
15-Jan-2026 20:00:00,95516.01,95871,95134.48,95604.8,1367.42325,15-Jan-2026 23:59:59
16-Jan-2026 00:00:00,95604.81,95855.12,95321.58,95354.69,1207.1411,16-Jan-2026 03:59:59
16-Jan-2026 04:00:00,95354.69,95816.83,95133.03,95653.16,2294.926,16-Jan-2026 07:59:59
16-Jan-2026 08:00:00,95653.16,95871.47,95261.43,95429.09,1614.38797,16-Jan-2026 11:59:59
16-Jan-2026 12:00:00,95429.09,95809.08,94293.46,94585.98,3014.1328,16-Jan-2026 15:59:59
16-Jan-2026 16:00:00,94585.99,95215.74,94508,95002.09,1854.59442,16-Jan-2026 19:59:59
16-Jan-2026 20:00:00,95002.09,95600,94682,95550.94,1182.53231,16-Jan-2026 23:59:59
17-Jan-2026 00:00:00,95550.94,95578.2,95200,95372.95,520.98136,17-Jan-2026 03:59:59
17-Jan-2026 04:00:00,95372.94,95373.64,95041.7,95101.67,558.53587,17-Jan-2026 07:59:59
17-Jan-2026 08:00:00,95101.67,95323.86,95021.67,95323.86,614.83515,17-Jan-2026 11:59:59
17-Jan-2026 12:00:00,95323.85,95639.45,95198.81,95573.64,1450.99515,17-Jan-2026 15:59:59
17-Jan-2026 16:00:00,95573.65,95576.14,95212.25,95291.38,636.49063,17-Jan-2026 19:59:59
17-Jan-2026 20:00:00,95291.37,95412.86,95050,95147.77,498.96321,17-Jan-2026 23:59:59
18-Jan-2026 00:00:00,95147.77,95250,94876.33,95200.29,721.03445,18-Jan-2026 03:59:59
18-Jan-2026 04:00:00,95200.29,95260,95028.27,95028.27,705.29271,18-Jan-2026 07:59:59
18-Jan-2026 08:00:00,95028.27,95295.39,95021.44,95168.06,960.00602,18-Jan-2026 11:59:59
18-Jan-2026 12:00:00,95168.06,95376.24,94910,95119.28,1177.17902,18-Jan-2026 15:59:59
18-Jan-2026 16:00:00,95119.27,95521.71,95073.02,95380.99,921.46243,18-Jan-2026 19:59:59
18-Jan-2026 20:00:00,95380.99,95531.12,93615.4,93673.14,2410.20356,18-Jan-2026 23:59:59
19-Jan-2026 00:00:00,93673.14,93673.14,91910.2,92690.09,6141.54249,19-Jan-2026 03:59:59
19-Jan-2026 04:00:00,92690.08,92861.41,92385.07,92841.62,1712.23708,19-Jan-2026 07:59:59
19-Jan-2026 08:00:00,92841.62,93368.44,92702.56,93191.96,1908.98628,19-Jan-2026 11:59:59
19-Jan-2026 12:00:00,93191.96,93226.44,92700,93068.62,1798.82427,19-Jan-2026 15:59:59
19-Jan-2026 16:00:00,93068.62,93420,92930,93105.85,1153.18382,19-Jan-2026 19:59:59
19-Jan-2026 20:00:00,93105.85,93342.36,92158.48,92631,1580.75353,19-Jan-2026 23:59:59
20-Jan-2026 00:00:00,92630.99,92870,92264.7,92434.92,1260.14088,20-Jan-2026 03:59:59
20-Jan-2026 04:00:00,92434.93,92470.37,90771.78,91177.98,4648.13308,20-Jan-2026 07:59:59
20-Jan-2026 08:00:00,91177.99,91442.88,90693,91218.99,2254.1302,20-Jan-2026 11:59:59
20-Jan-2026 12:00:00,91218.99,91371.11,89859.06,90684.95,5038.30665,20-Jan-2026 15:59:59
20-Jan-2026 16:00:00,90684.95,90974.49,89292.48,89725.76,4114.75823,20-Jan-2026 19:59:59
20-Jan-2026 20:00:00,89725.77,89854.2,87895.98,88427.66,4691.85706,20-Jan-2026 23:59:59
21-Jan-2026 00:00:00,88427.66,89598.8,88250,89432.33,2980.55061,21-Jan-2026 03:59:59
21-Jan-2026 04:00:00,89432.33,90120.44,89093.28,89213.95,2049.62852,21-Jan-2026 07:59:59
21-Jan-2026 08:00:00,89213.96,89493.46,88700,88789.99,2010.929,21-Jan-2026 11:59:59
21-Jan-2026 12:00:00,88789.99,90574,88196.72,90288.04,4684.20136,21-Jan-2026 15:59:59
21-Jan-2026 16:00:00,90288.04,90450,87263.53,90355.56,6425.20187,21-Jan-2026 19:59:59
21-Jan-2026 20:00:00,90355.56,90377,89344.98,89454.73,2466.99236,21-Jan-2026 23:59:59
22-Jan-2026 00:00:00,89454.73,90359.99,89454.72,89899.51,1561.80923,22-Jan-2026 03:59:59
22-Jan-2026 04:00:00,89899.51,90215.79,89802,89818.79,1213.67268,22-Jan-2026 07:59:59
22-Jan-2026 08:00:00,89818.79,90150,89760,89941.26,1125.90639,22-Jan-2026 11:59:59
22-Jan-2026 12:00:00,89941.26,90340,88515.37,89000.01,3512.25665,22-Jan-2026 15:59:59
22-Jan-2026 16:00:00,89000,89924.46,88676.95,89777.9,2304.40726,22-Jan-2026 19:59:59
22-Jan-2026 20:00:00,89777.89,89946.13,89140.13,89559.67,1107.45271,22-Jan-2026 23:59:59
23-Jan-2026 00:00:00,89559.68,89979.97,89450.48,89924.78,1144.14106,23-Jan-2026 03:59:59
23-Jan-2026 04:00:00,89924.78,90088.94,89400,89549.45,1729.71757,23-Jan-2026 07:59:59
23-Jan-2026 08:00:00,89549.45,89632.18,88860.44,89202.48,1992.68771,23-Jan-2026 11:59:59
23-Jan-2026 12:00:00,89202.47,89865.53,88578.36,89761.61,2836.93325,23-Jan-2026 15:59:59
23-Jan-2026 16:00:00,89761.61,91224.99,89489,89982.79,4430.77605,23-Jan-2026 19:59:59
23-Jan-2026 20:00:00,89982.79,90156.06,89200.68,89600.26,1784.23355,23-Jan-2026 23:59:59
24-Jan-2026 00:00:00,89600.26,89957.39,89424.39,89770.02,760.9766,24-Jan-2026 03:59:59
24-Jan-2026 04:00:00,89770.03,89853.38,89572.81,89620.1,954.94709,24-Jan-2026 07:59:59
24-Jan-2026 08:00:00,89620.11,89686.43,89577.97,89595.4,513.59579,24-Jan-2026 11:59:59
24-Jan-2026 12:00:00,89595.41,89595.41,89171.75,89275.77,1016.91516,24-Jan-2026 15:59:59
24-Jan-2026 16:00:00,89275.77,89461.4,89162.08,89331.36,560.08706,24-Jan-2026 19:59:59
24-Jan-2026 20:00:00,89331.36,89489.84,89215.59,89225.34,420.04567,24-Jan-2026 23:59:59
25-Jan-2026 00:00:00,89225.34,89319.13,88838.72,88960.35,949.82753,25-Jan-2026 03:59:59
25-Jan-2026 04:00:00,88960.36,89090.13,88635.84,88659.99,1365.03813,25-Jan-2026 07:59:59
25-Jan-2026 08:00:00,88659.99,88760,88136,88570.17,1276.76207,25-Jan-2026 11:59:59
25-Jan-2026 12:00:00,88570.17,88971.89,88340.75,88446.5,1271.25718,25-Jan-2026 15:59:59
25-Jan-2026 16:00:00,88446.51,88448.85,86194.85,86495.16,6164.82689,25-Jan-2026 19:59:59
25-Jan-2026 20:00:00,86495.17,87013.79,86074.72,86670.36,3398.50839,25-Jan-2026 23:59:59
26-Jan-2026 00:00:00,86670.36,87973.11,86509.63,87282.05,4005.56746,26-Jan-2026 03:59:59
26-Jan-2026 04:00:00,87282.04,88074.48,87244.27,88000.64,3558.66159,26-Jan-2026 07:59:59
26-Jan-2026 08:00:00,88000.64,88424.45,87600.69,87855,1820.3712,26-Jan-2026 11:59:59
26-Jan-2026 12:00:00,87855.01,88860,87325.03,87641.41,4437.30175,26-Jan-2026 15:59:59
26-Jan-2026 16:00:00,87641.41,88537.95,87035.51,88013.19,2334.22752,26-Jan-2026 19:59:59
26-Jan-2026 20:00:00,88013.19,88659.09,87542.05,88347.08,1610.38501,26-Jan-2026 23:59:59
27-Jan-2026 00:00:00,88347.08,88898,88194.82,88788,1649.23753,27-Jan-2026 03:59:59
27-Jan-2026 04:00:00,88787.99,89010,88278.03,88320.41,1448.31937,27-Jan-2026 07:59:59
27-Jan-2026 08:00:00,88320.41,88397.85,87743.52,87992.74,1462.63908,27-Jan-2026 11:59:59
27-Jan-2026 12:00:00,87992.74,88474.23,87578.67,88047.46,2499.9435,27-Jan-2026 15:59:59
27-Jan-2026 16:00:00,88047.46,88819.89,87304.33,88408.77,3647.91175,27-Jan-2026 19:59:59
27-Jan-2026 20:00:00,88408.78,89523.16,88373.49,89250,2417.35302,27-Jan-2026 23:59:59
28-Jan-2026 00:00:00,89249.99,89497.96,88985,89126.67,1094.38637,28-Jan-2026 03:59:59
28-Jan-2026 04:00:00,89126.68,89400,88840,89134.35,1349.92307,28-Jan-2026 07:59:59
28-Jan-2026 08:00:00,89134.35,90156.72,88833.65,90080,2787.07391,28-Jan-2026 11:59:59
28-Jan-2026 12:00:00,90079.99,90488,88904.61,89479.66,4428.88675,28-Jan-2026 15:59:59
28-Jan-2026 16:00:00,89479.66,90600,89006.36,89402.58,3310.08413,28-Jan-2026 19:59:59
28-Jan-2026 20:00:00,89402.57,89896,88878.01,89299.99,1361.83079,28-Jan-2026 23:59:59
29-Jan-2026 00:00:00,89300,89348,87704,88053.71,2923.10988,29-Jan-2026 03:59:59
29-Jan-2026 04:00:00,88053.71,88430.05,87901.23,88352.97,1476.91111,29-Jan-2026 07:59:59
29-Jan-2026 08:00:00,88352.96,88500,87750.01,87846.5,2299.04104,29-Jan-2026 11:59:59
29-Jan-2026 12:00:00,87846.5,88182.29,84366.56,84934.02,10107.55386,29-Jan-2026 15:59:59
29-Jan-2026 16:00:00,84934.02,85638.3,83383.33,84012.11,10787.89043,29-Jan-2026 19:59:59
29-Jan-2026 20:00:00,84012.11,84737.69,83824.9,84650.16,2836.87569,29-Jan-2026 23:59:59
30-Jan-2026 00:00:00,84650.16,84735.75,81118,82676.43,12245.12313,30-Jan-2026 03:59:59
30-Jan-2026 04:00:00,82676.42,83332.2,82056.08,82816.98,4789.41822,30-Jan-2026 07:59:59
30-Jan-2026 08:00:00,82816.98,83314.85,82160,83151.36,3255.07609,30-Jan-2026 11:59:59
30-Jan-2026 12:00:00,83151.36,83797.99,82382.01,82883.94,4751.88055,30-Jan-2026 15:59:59
30-Jan-2026 16:00:00,82882.84,84621.16,81871.37,84242.99,6116.25601,30-Jan-2026 19:59:59
30-Jan-2026 20:00:00,84243,84523.11,83539.2,84260.49,4038.09393,30-Jan-2026 23:59:59
31-Jan-2026 00:00:00,84260.5,84270.02,83815.02,84022.69,1727.33956,31-Jan-2026 03:59:59
31-Jan-2026 04:00:00,84022.7,84146.22,83404.67,83546.81,1349.94572,31-Jan-2026 07:59:59
31-Jan-2026 08:00:00,83546.82,83629.08,82560.75,83020,2408.78889,31-Jan-2026 11:59:59
31-Jan-2026 12:00:00,83020,83140,80825.76,81302.15,6811.82932,31-Jan-2026 15:59:59
31-Jan-2026 16:00:00,81302.16,82200,75719.9,77750.01,22029.61555,31-Jan-2026 19:59:59
31-Jan-2026 20:00:00,77750.01,79240,77092.34,78741.09,5164.37229,31-Jan-2026 23:59:59
01-Feb-2026 00:00:00,78741.1,79424,78284,78868.28,4258.38184,01-Feb-2026 03:59:59
01-Feb-2026 04:00:00,78868.29,79119.3,77967.69,78343,2563.1542,01-Feb-2026 07:59:59
01-Feb-2026 08:00:00,78343,79220.72,78148.1,78743.56,2450.30839,01-Feb-2026 11:59:59
01-Feb-2026 12:00:00,78743.57,78768.68,76761.98,77593.4,4807.63006,01-Feb-2026 15:59:59
01-Feb-2026 16:00:00,77593.4,78443.1,77000.01,77174.78,2883.53084,01-Feb-2026 19:59:59
01-Feb-2026 20:00:00,77174.77,77779.63,75700,76968.21,8432.47635,01-Feb-2026 23:59:59
02-Feb-2026 00:00:00,76968.22,78231.26,74604,76292.98,11449.76567,02-Feb-2026 03:59:59
02-Feb-2026 04:00:00,76292.98,76958,74911.14,76660.79,9568.39849,02-Feb-2026 07:59:59
02-Feb-2026 08:00:00,76660.78,77970.62,76628.28,77759.99,5651.50758,02-Feb-2026 11:59:59
02-Feb-2026 12:00:00,77760,79360,77564.62,78850.06,7522.81805,02-Feb-2026 15:59:59
02-Feb-2026 16:00:00,78850.06,79288.28,78283.27,78341.5,5462.07718,02-Feb-2026 19:59:59
02-Feb-2026 20:00:00,78341.5,78962.78,77888,78738.61,2619.02319,02-Feb-2026 23:59:59
03-Feb-2026 00:00:00,78738.6,79186.81,77644.09,78753.32,4012.52848,03-Feb-2026 03:59:59
03-Feb-2026 04:00:00,78753.32,78999.99,77950,78794.67,2886.84787,03-Feb-2026 07:59:59
03-Feb-2026 08:00:00,78794.67,79084.29,77950,78079.5,2794.97467,03-Feb-2026 11:59:59
03-Feb-2026 12:00:00,78079.5,78458.89,77055.54,78132.33,5543.61818,03-Feb-2026 15:59:59
03-Feb-2026 16:00:00,78132.34,78134.53,72945.5,74935,18839.6377,03-Feb-2026 19:59:59
03-Feb-2026 20:00:00,74935,76960,74586.54,75770.21,5042.50199,03-Feb-2026 23:59:59
04-Feb-2026 00:00:00,75770.21,76971.52,75467.22,76698.17,3573.68321,04-Feb-2026 03:59:59
04-Feb-2026 04:00:00,76698.17,76830.69,76105.3,76514.3,2837.0505,04-Feb-2026 07:59:59
04-Feb-2026 08:00:00,76514.3,76607.69,75666,76017.25,2912.66082,04-Feb-2026 11:59:59
04-Feb-2026 12:00:00,76017.25,76260.85,73794.11,74136.36,8952.94529,04-Feb-2026 15:59:59
04-Feb-2026 16:00:00,74136.48,74249.83,72169,73923.29,13944.22381,04-Feb-2026 19:59:59
04-Feb-2026 20:00:00,73923.3,74144,71888,73165.83,6154.79637,04-Feb-2026 23:59:59
05-Feb-2026 00:00:00,73165.84,73341.18,71152.78,71223.25,8356.43633,05-Feb-2026 03:59:59
05-Feb-2026 04:00:00,71223.25,71622.82,70140,70756.85,13229.00492,05-Feb-2026 07:59:59
05-Feb-2026 08:00:00,70756.86,71978.58,69922,70318.35,9382.74194,05-Feb-2026 11:59:59
05-Feb-2026 12:00:00,70318.35,70872.04,66720.15,67489.07,25214.85527,05-Feb-2026 15:59:59
05-Feb-2026 16:00:00,67489.08,68681.81,65200,65265.65,21297.2321,05-Feb-2026 19:59:59
05-Feb-2026 20:00:00,65265.66,65700,62345,62909.86,28818.55843,05-Feb-2026 23:59:59
06-Feb-2026 00:00:00,62909.87,66010,60000,64168.33,28980.40325,06-Feb-2026 03:59:59
06-Feb-2026 04:00:00,64168.33,66826.5,63914.62,64856,13204.36329,06-Feb-2026 07:59:59
06-Feb-2026 08:00:00,64856,66755.13,64500,66631.32,9652.84585,06-Feb-2026 11:59:59
06-Feb-2026 12:00:00,66631.32,69192,66114.49,68626,17606.82465,06-Feb-2026 15:59:59
06-Feb-2026 16:00:00,68625.99,71500,68428.19,70731.46,17283.69927,06-Feb-2026 19:59:59
06-Feb-2026 20:00:00,70731.45,71751.33,69837.35,70580.26,5811.079,06-Feb-2026 23:59:59
07-Feb-2026 00:00:00,70580.26,70928.75,69718,70918.99,4687.77364,07-Feb-2026 03:59:59
07-Feb-2026 04:00:00,70918.99,71690.07,67300,68087.14,13271.32166,07-Feb-2026 07:59:59
07-Feb-2026 08:00:00,68087.13,68790,67582.48,67972.65,8689.01558,07-Feb-2026 11:59:59
07-Feb-2026 12:00:00,67972.65,69999.99,67901.89,69151.5,9290.84055,07-Feb-2026 15:59:59
07-Feb-2026 16:00:00,69151.5,69898,68531.5,69373.61,6393.31777,07-Feb-2026 19:59:59
07-Feb-2026 20:00:00,69373.61,69728.83,68787.34,69289.38,1923.21116,07-Feb-2026 23:59:59
08-Feb-2026 00:00:00,69289.37,69696.57,68888,69099.99,2026.40929,08-Feb-2026 03:59:59
08-Feb-2026 04:00:00,69100,69719.07,68952.01,69710.69,2878.17149,08-Feb-2026 07:59:59
08-Feb-2026 08:00:00,69710.69,71220,69514.15,70999.98,5309.31519,08-Feb-2026 11:59:59
08-Feb-2026 12:00:00,70999.99,71554.95,70707.39,71188.99,3659.2176,08-Feb-2026 15:59:59
08-Feb-2026 16:00:00,71188.99,71538.05,70251.33,71422.97,2720.17356,08-Feb-2026 19:59:59
08-Feb-2026 20:00:00,71422.96,72271.41,70000,70330.38,4827.24455,08-Feb-2026 23:59:59
09-Feb-2026 00:00:00,70330.38,71453.53,70068.18,71307.56,4021.31441,09-Feb-2026 03:59:59
09-Feb-2026 04:00:00,71307.56,71359.37,70311.7,70422.59,2930.6054,09-Feb-2026 07:59:59
09-Feb-2026 08:00:00,70422.59,70608.83,68420.58,68928.72,6108.89766,09-Feb-2026 11:59:59
09-Feb-2026 12:00:00,68928.71,69884.82,68308,69563.37,6863.78788,09-Feb-2026 15:59:59
09-Feb-2026 16:00:00,69563.37,71075.31,69100,70957.01,6239.20348,09-Feb-2026 19:59:59
09-Feb-2026 20:00:00,70957.01,71126,69823.52,70138,2988.91959,09-Feb-2026 23:59:59
10-Feb-2026 00:00:00,70138,70527.59,69208.61,69511.83,2469.62773,10-Feb-2026 03:59:59
10-Feb-2026 04:00:00,69511.83,69906.5,68682,68919.66,3133.48778,10-Feb-2026 07:59:59
10-Feb-2026 08:00:00,68919.66,69417.7,68459.89,68535.01,3589.46371,10-Feb-2026 11:59:59
10-Feb-2026 12:00:00,68535.02,69591.2,67800,69293.37,5843.11364,10-Feb-2026 15:59:59
10-Feb-2026 16:00:00,69293.37,69993.65,68604.63,69062.01,3997.49855,10-Feb-2026 19:59:59
10-Feb-2026 20:00:00,69062,69136.91,68362,68841.29,1340.57931,10-Feb-2026 23:59:59
11-Feb-2026 00:00:00,68841.28,69292.88,68011.11,68187.99,1918.23444,11-Feb-2026 03:59:59
11-Feb-2026 04:00:00,68188,68325,66557.99,67032.72,5175.02607,11-Feb-2026 07:59:59
11-Feb-2026 08:00:00,67032.71,67134.42,66369.49,67053.03,3914.08731,11-Feb-2026 11:59:59
11-Feb-2026 12:00:00,67053.03,68834.34,65756,66519.73,9148.58414,11-Feb-2026 15:59:59
11-Feb-2026 16:00:00,66519.72,67860.44,65876,67586.67,5004.8715,11-Feb-2026 19:59:59
11-Feb-2026 20:00:00,67586.66,68369.77,66787.7,67082.52,3557.44256,11-Feb-2026 23:59:59
12-Feb-2026 00:00:00,67082.52,68047.48,67055.53,67580.99,2100.97039,12-Feb-2026 03:59:59
12-Feb-2026 04:00:00,67581,67682.69,66670.45,67217.72,2710.60187,12-Feb-2026 07:59:59
12-Feb-2026 08:00:00,67217.71,68299,66891.6,68076.01,3668.0563,12-Feb-2026 11:59:59
12-Feb-2026 12:00:00,68076.01,68410.52,67014.98,67134.74,4824.24216,12-Feb-2026 15:59:59
12-Feb-2026 16:00:00,67134.74,67232.04,65118,65788.36,7933.48282,12-Feb-2026 19:59:59
12-Feb-2026 20:00:00,65788.36,66488.9,65215.06,66272.17,3034.38929,12-Feb-2026 23:59:59
13-Feb-2026 00:00:00,66272.17,66814,65872.46,66553.08,2583.39216,13-Feb-2026 03:59:59
13-Feb-2026 04:00:00,66553.09,66671.62,66002.98,66208.96,2428.41994,13-Feb-2026 07:59:59
13-Feb-2026 08:00:00,66208.96,67226.66,66191.52,67171.42,2201.58479,13-Feb-2026 11:59:59
13-Feb-2026 12:00:00,67171.41,69309.8,66867.47,68692.12,6886.55091,13-Feb-2026 15:59:59
13-Feb-2026 16:00:00,68692.12,69482.97,68540.83,68938.91,4320.62247,13-Feb-2026 19:59:59
13-Feb-2026 20:00:00,68938.91,69079.4,68683.32,68853.96,1823.97928,13-Feb-2026 23:59:59
14-Feb-2026 00:00:00,68853.97,69137.5,68768.56,68981.99,1291.93003,14-Feb-2026 03:59:59
14-Feb-2026 04:00:00,68982,69343,68730.13,69219.26,2188.37379,14-Feb-2026 07:59:59
14-Feb-2026 08:00:00,69219.27,70560.01,69218.71,70505.74,3530.97709,14-Feb-2026 11:59:59
14-Feb-2026 12:00:00,70505.74,70533.67,69064.6,69778.28,7103.62124,14-Feb-2026 15:59:59
14-Feb-2026 16:00:00,69778.28,69930.9,69283.02,69873.99,2295.28058,14-Feb-2026 19:59:59
14-Feb-2026 20:00:00,69873.99,70250.46,69668.05,69822.95,1704.6012,14-Feb-2026 23:59:59
15-Feb-2026 00:00:00,69822.94,69990.02,69251.5,69954.5,1764.94129,15-Feb-2026 03:59:59
15-Feb-2026 04:00:00,69954.5,70926.42,69459.35,70828.42,4747.14422,15-Feb-2026 07:59:59
15-Feb-2026 08:00:00,70828.43,70983,70182.31,70295.22,2073.25418,15-Feb-2026 11:59:59
15-Feb-2026 12:00:00,70295.22,70418.48,68772.2,69099.99,3852.56524,15-Feb-2026 15:59:59
15-Feb-2026 16:00:00,69100,69100,68000,68286.63,8139.52235,15-Feb-2026 19:59:59
15-Feb-2026 20:00:00,68286.64,69078.49,68120,68832.58,1712.6248,15-Feb-2026 23:59:59
16-Feb-2026 00:00:00,68832.59,69065.5,68143.22,68424.82,1757.09824,16-Feb-2026 03:59:59
16-Feb-2026 04:00:00,68424.82,68900,68228.76,68587.9,1421.8609,16-Feb-2026 07:59:59
16-Feb-2026 08:00:00,68587.89,69060.77,68338.9,68812.83,1609.09509,16-Feb-2026 11:59:59
16-Feb-2026 12:00:00,68812.84,70126.67,67294.11,67539.52,6563.57157,16-Feb-2026 15:59:59
16-Feb-2026 16:00:00,67539.53,68245.34,67513.94,67913.43,2266.56859,16-Feb-2026 19:59:59
16-Feb-2026 20:00:00,67913.44,68978.88,67827.11,68892.43,1897.57095,16-Feb-2026 23:59:59
17-Feb-2026 00:00:00,68892.43,69241.5,68387.2,68474.9,1970.0963,17-Feb-2026 03:59:59
17-Feb-2026 04:00:00,68474.9,68707.49,67892,68388.12,1507.90265,17-Feb-2026 07:59:59
17-Feb-2026 08:00:00,68388.12,68479.17,67690,67854.6,1702.22977,17-Feb-2026 11:59:59
17-Feb-2026 12:00:00,67854.6,68360.5,66621.06,67392.05,5962.49538,17-Feb-2026 15:59:59
17-Feb-2026 16:00:00,67392.06,68235.39,66881.08,67793.32,4203.96684,17-Feb-2026 19:59:59
17-Feb-2026 20:00:00,67793.32,67928.08,67394,67503.52,1142.37827,17-Feb-2026 23:59:59
18-Feb-2026 00:00:00,67503.52,67705.65,66892.03,67629.11,1226.88759,18-Feb-2026 03:59:59
18-Feb-2026 04:00:00,67629.1,68219.81,67500.1,68106.44,1433.81961,18-Feb-2026 07:59:59
18-Feb-2026 08:00:00,68106.44,68476.22,67076.9,67369.75,1922.15458,18-Feb-2026 11:59:59
18-Feb-2026 12:00:00,67369.75,68347.72,66717.3,67694.01,4330.13695,18-Feb-2026 15:59:59
18-Feb-2026 16:00:00,67694.01,67706.94,65870,66177.14,4311.92393,18-Feb-2026 19:59:59
18-Feb-2026 20:00:00,66177.15,66550,66053.6,66461,2267.51573,18-Feb-2026 23:59:59
19-Feb-2026 00:00:00,66461,66997.07,66345,66980.91,1337.23292,19-Feb-2026 03:59:59
19-Feb-2026 04:00:00,66980.91,67320,66679.76,67206.45,1593.15988,19-Feb-2026 07:59:59
19-Feb-2026 08:00:00,67206.45,67206.45,66478.02,66496.02,1879.33579,19-Feb-2026 11:59:59
19-Feb-2026 12:00:00,66496.03,66755.39,65631.83,66398,4451.59374,19-Feb-2026 15:59:59
19-Feb-2026 16:00:00,66398.01,67198.1,65899.25,67050,3411.99791,19-Feb-2026 19:59:59
19-Feb-2026 20:00:00,67050,67168.86,66652.34,67003.73,1868.94964,19-Feb-2026 23:59:59
20-Feb-2026 00:00:00,67003.73,67488.67,66949.41,67366.25,1472.92111,20-Feb-2026 03:59:59
20-Feb-2026 04:00:00,67366.25,68006,67115.38,67825.91,2411.4783,20-Feb-2026 07:59:59
20-Feb-2026 08:00:00,67825.91,68318.39,67280.6,67318.41,3414.63472,20-Feb-2026 11:59:59
20-Feb-2026 12:00:00,67318.41,68083.98,66280.2,67582.95,16088.45139,20-Feb-2026 15:59:59
20-Feb-2026 16:00:00,67582.95,68000,66952.11,67646.03,9574.1468,20-Feb-2026 19:59:59
20-Feb-2026 20:00:00,67646.03,68233.99,67520.3,68020.01,2390.23859,20-Feb-2026 23:59:59
21-Feb-2026 00:00:00,68020,68099.54,67534.69,67667.77,1582.09541,21-Feb-2026 03:59:59
21-Feb-2026 04:00:00,67667.77,67924.39,67593.99,67856.01,716.23217,21-Feb-2026 07:59:59
21-Feb-2026 08:00:00,67856.01,68314.54,67807.3,68092.45,1384.49772,21-Feb-2026 11:59:59
21-Feb-2026 12:00:00,68092.45,68698.7,67915,68615,1818.30536,21-Feb-2026 15:59:59
21-Feb-2026 16:00:00,68615.01,68658.5,68101.78,68543.51,1410.16439,21-Feb-2026 19:59:59
21-Feb-2026 20:00:00,68543.51,68605.63,67900,67975.93,1121.54626,21-Feb-2026 23:59:59
22-Feb-2026 00:00:00,67975.93,68222.16,67809.78,68041.43,1114.48202,22-Feb-2026 03:59:59
22-Feb-2026 04:00:00,68041.42,68178.79,67881.81,68005.3,923.792,22-Feb-2026 07:59:59
22-Feb-2026 08:00:00,68005.3,68245,67912.02,68219.97,733.14137,22-Feb-2026 11:59:59
22-Feb-2026 12:00:00,68219.97,68232.4,67303.5,67684.14,2531.23331,22-Feb-2026 15:59:59
22-Feb-2026 16:00:00,67684.15,67718.13,67190,67428.32,1575.66204,22-Feb-2026 19:59:59
22-Feb-2026 20:00:00,67428.32,67751.44,67350,67643.4,1296.8241,22-Feb-2026 23:59:59
23-Feb-2026 00:00:00,67643.39,67684.86,64290.71,64934.17,11022.665,23-Feb-2026 03:59:59
23-Feb-2026 04:00:00,64934.18,66015.22,64685.64,65958.94,4119.82727,23-Feb-2026 07:59:59
23-Feb-2026 08:00:00,65958.94,66600,65565.78,66207.23,3194.00092,23-Feb-2026 11:59:59
23-Feb-2026 12:00:00,66207.23,66511.51,65529.73,65660.1,3796.34009,23-Feb-2026 15:59:59
23-Feb-2026 16:00:00,65660.1,65724.28,64048.71,64295.1,7179.94577,23-Feb-2026 19:59:59
23-Feb-2026 20:00:00,64295.11,65035.98,63888.79,64656.02,3763.13018,23-Feb-2026 23:59:59
24-Feb-2026 00:00:00,64656.01,65026.75,63342.9,63595.51,4752.76382,24-Feb-2026 03:59:59
24-Feb-2026 04:00:00,63595.51,63628.52,62700.8,63192.96,4939.8898,24-Feb-2026 07:59:59
24-Feb-2026 08:00:00,63192.79,63444.66,62908.92,63227.1,2234.59315,24-Feb-2026 11:59:59
24-Feb-2026 12:00:00,63227.11,64031.76,62510.28,63973.97,5539.65443,24-Feb-2026 15:59:59
24-Feb-2026 16:00:00,63973.98,64743.11,63689.54,64435.03,3972.72259,24-Feb-2026 19:59:59
24-Feb-2026 20:00:00,64435.03,64591.99,63820.5,64058.15,1663.21243,24-Feb-2026 23:59:59
25-Feb-2026 00:00:00,64058.15,66310,63913.27,65391.73,5187.17213,25-Feb-2026 03:59:59
25-Feb-2026 04:00:00,65391.74,65650,64755.26,65028.3,2632.47033,25-Feb-2026 07:59:59
25-Feb-2026 08:00:00,65028.3,65692.62,64955.79,65430.04,1997.89784,25-Feb-2026 11:59:59
25-Feb-2026 12:00:00,65430.04,67578,65324.62,67412.33,7879.83719,25-Feb-2026 15:59:59
25-Feb-2026 16:00:00,67412.32,69550,67404,69038.26,8300.46334,25-Feb-2026 19:59:59
25-Feb-2026 20:00:00,69038.26,69988.83,67600,67988.04,4752.15176,25-Feb-2026 23:59:59
26-Feb-2026 00:00:00,67988.04,68700,67727.52,68216.86,2995.4703,26-Feb-2026 03:59:59
26-Feb-2026 04:00:00,68216.87,68860,67817.87,67825.04,2533.15622,26-Feb-2026 07:59:59
26-Feb-2026 08:00:00,67825.05,68722.64,67792,68051.31,3268.6173,26-Feb-2026 11:59:59
26-Feb-2026 12:00:00,68051.3,68303.83,66761.16,67382,5206.19537,26-Feb-2026 15:59:59
26-Feb-2026 16:00:00,67382,67903.12,66500,67589.22,5230.45057,26-Feb-2026 19:59:59
26-Feb-2026 20:00:00,67589.21,67831.11,67150.14,67485.18,1503.88816,26-Feb-2026 23:59:59
27-Feb-2026 00:00:00,67485.19,67712.16,66885,67600.84,2159.8345,27-Feb-2026 03:59:59
27-Feb-2026 04:00:00,67600.84,68216.8,67459.3,67690.6,3025.27268,27-Feb-2026 07:59:59
27-Feb-2026 08:00:00,67690.6,68149.93,65960.01,66126.99,4904.69534,27-Feb-2026 11:59:59
27-Feb-2026 12:00:00,66126.99,66344.9,65649.34,66095.4,5494.9383,27-Feb-2026 15:59:59
27-Feb-2026 16:00:00,66095.4,66121.03,65113.72,65392.18,3875.92624,27-Feb-2026 19:59:59
27-Feb-2026 20:00:00,65392.18,65953.2,64914.46,65872.1,1767.91718,27-Feb-2026 23:59:59
28-Feb-2026 00:00:00,65872.09,66025.52,65721.13,65797.42,1045.74408,28-Feb-2026 03:59:59
28-Feb-2026 04:00:00,65797.42,65818.44,63030,63826,5914.91449,28-Feb-2026 07:59:59
28-Feb-2026 08:00:00,63825.99,64307.44,63372.1,63844.2,4734.32265,28-Feb-2026 11:59:59
28-Feb-2026 12:00:00,63844.2,65360.51,63827.2,64841.18,4286.48357,28-Feb-2026 15:59:59
28-Feb-2026 16:00:00,64841.17,66666.65,64681.81,66362.01,2999.13046,28-Feb-2026 19:59:59
28-Feb-2026 20:00:00,66362.01,67760,66190.61,66973.26,3568.12124,28-Feb-2026 23:59:59
01-Mar-2026 00:00:00,66973.26,68199.99,66042.72,67502.16,4690.36208,01-Mar-2026 03:59:59
01-Mar-2026 04:00:00,67502.16,67612.14,66749.35,67141.39,3167.39554,01-Mar-2026 07:59:59
01-Mar-2026 08:00:00,67141.4,67292.3,66215.71,66468.03,3250.92047,01-Mar-2026 11:59:59
01-Mar-2026 12:00:00,66468.04,67360.57,66132.27,66842.42,3640.03253,01-Mar-2026 15:59:59
01-Mar-2026 16:00:00,66842.42,67112.37,65699.98,65962.17,3900.17922,01-Mar-2026 19:59:59
01-Mar-2026 20:00:00,65962.16,66491.43,65056,65776.47,4552.96875,01-Mar-2026 23:59:59
02-Mar-2026 00:00:00,65776.48,67079,65761.04,66820.03,2940.58836,02-Mar-2026 03:59:59
02-Mar-2026 04:00:00,66820.03,66995.64,65542.6,66007.52,3610.46533,02-Mar-2026 07:59:59
02-Mar-2026 08:00:00,66007.8,66720.84,65654.54,66359.68,4361.76571,02-Mar-2026 11:59:59
02-Mar-2026 12:00:00,66359.67,69617.74,65259.21,69130.2,10831.61306,02-Mar-2026 15:59:59
02-Mar-2026 16:00:00,69130.2,70096,68576.18,68966.53,6828.10762,02-Mar-2026 19:59:59
02-Mar-2026 20:00:00,68966.52,69539.77,68584.9,68830.06,3437.84423,02-Mar-2026 23:59:59
03-Mar-2026 00:00:00,68830.06,69258.08,68210.71,68377.94,2362.09713,03-Mar-2026 03:59:59
03-Mar-2026 04:00:00,68377.94,68617.42,67800,68172.8,3337.11294,03-Mar-2026 07:59:59
03-Mar-2026 08:00:00,68172.79,68311.83,66340.14,67026.61,6082.75912,03-Mar-2026 11:59:59
03-Mar-2026 12:00:00,67026.6,67973.2,66158,67725.81,5443.2888,03-Mar-2026 15:59:59
03-Mar-2026 16:00:00,67725.82,68999,67473.09,68435,5484.70019,03-Mar-2026 19:59:59
03-Mar-2026 20:00:00,68435,68860,67832.3,68338,2262.28362,03-Mar-2026 23:59:59
04-Mar-2026 00:00:00,68338.01,68909.34,67400,67732.2,3814.8635,04-Mar-2026 03:59:59
04-Mar-2026 04:00:00,67732.19,69668,67467.6,69493.13,5088.84069,04-Mar-2026 07:59:59
04-Mar-2026 08:00:00,69493.14,71893,69098.91,71111.4,12146.09777,04-Mar-2026 11:59:59
04-Mar-2026 12:00:00,71111.4,73479.75,70588,73396.88,11378.24344,04-Mar-2026 15:59:59
04-Mar-2026 16:00:00,73396.87,74050,72541.69,73611.1,8665.00622,04-Mar-2026 19:59:59
04-Mar-2026 20:00:00,73611.67,73716,72313.04,72666.77,3826.02448,04-Mar-2026 23:59:59
05-Mar-2026 00:00:00,72666.77,73306.82,72336.76,72497.89,3122.96483,05-Mar-2026 03:59:59
05-Mar-2026 04:00:00,72497.89,73081.08,71759.95,72055.5,4346.02458,05-Mar-2026 07:59:59
05-Mar-2026 08:00:00,72055.5,73558.15,71757.17,72915.79,6262.38044,05-Mar-2026 11:59:59
05-Mar-2026 12:00:00,72915.8,73063.38,71168.65,71652.77,5607.55823,05-Mar-2026 15:59:59
05-Mar-2026 16:00:00,71652.77,71654.65,70645.47,70918.07,4306.65518,05-Mar-2026 19:59:59
05-Mar-2026 20:00:00,70918.08,71572.3,70777,70890.72,2944.92927,05-Mar-2026 23:59:59
06-Mar-2026 00:00:00,70891.02,71419.98,70344.03,71080.38,3031.93266,06-Mar-2026 03:59:59
06-Mar-2026 04:00:00,71080.37,71192.76,70143.19,71056.44,3088.31108,06-Mar-2026 07:59:59
06-Mar-2026 08:00:00,71056.44,71067.58,70184.01,70212.95,2441.15545,06-Mar-2026 11:59:59
06-Mar-2026 12:00:00,70212.94,70341.76,68176.47,68504.71,8554.35815,06-Mar-2026 15:59:59
06-Mar-2026 16:00:00,68504.71,68795.44,67744.78,68131.79,3324.41432,06-Mar-2026 19:59:59
06-Mar-2026 20:00:00,68131.79,68440.92,67777,68114.02,2189.71556,06-Mar-2026 23:59:59
07-Mar-2026 00:00:00,68114.02,68551.04,68060.6,68095.5,1736.7267,07-Mar-2026 03:59:59
07-Mar-2026 04:00:00,68095.5,68147.73,67446.41,67842.67,2373.66763,07-Mar-2026 07:59:59
07-Mar-2026 08:00:00,67842.67,68232.27,67720.98,68010.01,1490.07738,07-Mar-2026 11:59:59
07-Mar-2026 12:00:00,68010,68085.41,67609.44,67877.45,1728.39414,07-Mar-2026 15:59:59
07-Mar-2026 16:00:00,67877.45,67935.01,66915.26,67080.34,3059.42816,07-Mar-2026 19:59:59
07-Mar-2026 20:00:00,67080.33,67483.05,67068.01,67262.91,2331.24914,07-Mar-2026 23:59:59
08-Mar-2026 00:00:00,67262.91,67481.96,66833.58,67000.26,2883.43952,08-Mar-2026 03:59:59
08-Mar-2026 04:00:00,67000.26,67465.11,66547.15,67319.91,2866.09804,08-Mar-2026 07:59:59
08-Mar-2026 08:00:00,67319.9,68200,67156.93,67515,3303.40428,08-Mar-2026 11:59:59
08-Mar-2026 12:00:00,67515,67650.94,66761.68,67218.23,4464.48396,08-Mar-2026 15:59:59
08-Mar-2026 16:00:00,67218.23,67485.24,66745.54,67337.42,2550.26884,08-Mar-2026 19:59:59
08-Mar-2026 20:00:00,67337.41,67609.08,65618.49,65971.2,5525.94437,08-Mar-2026 23:59:59
09-Mar-2026 00:00:00,65971.2,67668.64,65821.97,67205.05,5224.01016,09-Mar-2026 03:59:59
09-Mar-2026 04:00:00,67205.06,68069.29,66853.48,67555.13,3826.34806,09-Mar-2026 07:59:59
09-Mar-2026 08:00:00,67555.13,68460.09,67344.45,67764.98,4105.57826,09-Mar-2026 11:59:59
09-Mar-2026 12:00:00,67764.99,69480,67759.57,68863.66,7802.97956,09-Mar-2026 15:59:59
09-Mar-2026 16:00:00,68863.67,69516.65,68179.12,68991.93,5039.37719,09-Mar-2026 19:59:59
09-Mar-2026 20:00:00,68991.93,69145.28,68384.69,68432.16,2898.42807,09-Mar-2026 23:59:59
10-Mar-2026 00:00:00,68432.16,70578.29,68391.41,69429.85,5314.5727,10-Mar-2026 03:59:59
10-Mar-2026 04:00:00,69429.85,70546.74,69429.85,70406.01,4907.28195,10-Mar-2026 07:59:59
10-Mar-2026 08:00:00,70406.01,71300,70369,70580.94,6270.5173,10-Mar-2026 11:59:59
10-Mar-2026 12:00:00,70580.95,71777,69266.06,71346.16,7000.10748,10-Mar-2026 15:59:59
10-Mar-2026 16:00:00,71346.17,71700,69739,70043.63,5504.97942,10-Mar-2026 19:59:59
10-Mar-2026 20:00:00,70043.63,70417.3,69452.42,69948.63,3605.11841,10-Mar-2026 23:59:59
11-Mar-2026 00:00:00,69948.64,70173.25,69488.7,69551.91,4402.46797,11-Mar-2026 03:59:59
11-Mar-2026 04:00:00,69551.91,70281.87,69420,69648.29,3080.54464,11-Mar-2026 07:59:59
11-Mar-2026 08:00:00,69648.28,69786.32,69150.28,69173,3538.73168,11-Mar-2026 11:59:59
11-Mar-2026 12:00:00,69172.99,71091.18,68977.91,70227.91,7789.43505,11-Mar-2026 15:59:59
11-Mar-2026 16:00:00,70227.92,71321,70161.78,70641.82,5738.49617,11-Mar-2026 19:59:59
11-Mar-2026 20:00:00,70641.81,70950,70125.83,70191.86,2699.59991,11-Mar-2026 23:59:59
12-Mar-2026 00:00:00,70191.86,70353.87,69226.52,69446.61,2576.17397,12-Mar-2026 03:59:59
12-Mar-2026 04:00:00,69446.61,69865.98,69205.91,69826.19,2721.97342,12-Mar-2026 07:59:59
12-Mar-2026 08:00:00,69826.19,70800,69580,70427.91,4649.38407,12-Mar-2026 11:59:59
12-Mar-2026 12:00:00,70427.9,70660.69,69355.34,70334.88,6097.47646,12-Mar-2026 15:59:59
12-Mar-2026 16:00:00,70334.89,70569.15,69770.85,70432.32,3616.058,12-Mar-2026 19:59:59
12-Mar-2026 20:00:00,70432.33,70734.25,70013.17,70541.34,2336.09458,12-Mar-2026 23:59:59
13-Mar-2026 00:00:00,70541.34,72000,70386.01,71405.75,5755.69452,13-Mar-2026 03:59:59
13-Mar-2026 04:00:00,71405.76,71672.76,71180.19,71612.22,4181.63698,13-Mar-2026 07:59:59
13-Mar-2026 08:00:00,71612.23,72575.98,71385.28,72228.82,5105.1507,13-Mar-2026 11:59:59
13-Mar-2026 12:00:00,72228.81,73913.74,71736.34,71831.46,12303.83944,13-Mar-2026 15:59:59
13-Mar-2026 16:00:00,71831.46,72249.99,70841.23,71189.95,5469.31306,13-Mar-2026 19:59:59
13-Mar-2026 20:00:00,71189.96,71491.03,70559.02,70930,3180.98208,13-Mar-2026 23:59:59
14-Mar-2026 00:00:00,70930.01,71185.23,70481.7,71081.3,3513.45361,14-Mar-2026 03:59:59
14-Mar-2026 04:00:00,71081.31,71307.92,70317,70596.68,2929.58232,14-Mar-2026 07:59:59
14-Mar-2026 08:00:00,70596.68,70784.38,70389.08,70751.42,2494.95824,14-Mar-2026 11:59:59
14-Mar-2026 12:00:00,70751.42,70941.17,70501,70580.09,2537.57782,14-Mar-2026 15:59:59
14-Mar-2026 16:00:00,70580.09,70740.34,70500,70700,686.93095,14-Mar-2026 19:59:59
14-Mar-2026 20:00:00,70699.99,71253.17,70650.09,71211.95,854.74443,14-Mar-2026 23:59:59
15-Mar-2026 00:00:00,71211.95,71634.08,70858.82,71363.14,2591.56425,15-Mar-2026 03:59:59
15-Mar-2026 04:00:00,71363.13,71800.68,71330.66,71453.59,2377.69395,15-Mar-2026 07:59:59
15-Mar-2026 08:00:00,71453.59,71940.49,71453.59,71839.42,2170.1455,15-Mar-2026 11:59:59
15-Mar-2026 12:00:00,71839.41,71839.42,71263.99,71481.24,2095.3494,15-Mar-2026 15:59:59
15-Mar-2026 16:00:00,71481.24,71989.93,71320.08,71549.94,1241.1248,15-Mar-2026 19:59:59
15-Mar-2026 20:00:00,71549.94,73199,71433.75,72815.24,3561.42914,15-Mar-2026 23:59:59
16-Mar-2026 00:00:00,72815.25,74330.34,72270.41,73573.32,5313.15699,16-Mar-2026 03:59:59
16-Mar-2026 04:00:00,73573.31,74451.03,73385.18,73456.68,5517.22506,16-Mar-2026 07:59:59
16-Mar-2026 08:00:00,73456.69,73838.76,72888.8,73552.77,3812.93394,16-Mar-2026 11:59:59
16-Mar-2026 12:00:00,73552.78,74509.52,72990.52,73274.76,5744.41989,16-Mar-2026 15:59:59
16-Mar-2026 16:00:00,73274.75,74418.6,73160.66,73963,4131.80846,16-Mar-2026 19:59:59
16-Mar-2026 20:00:00,73963,74909.08,73863.2,74884.67,3889.98585,16-Mar-2026 23:59:59
17-Mar-2026 00:00:00,74884.67,76000,74268.73,74463.98,6925.21053,17-Mar-2026 03:59:59
17-Mar-2026 04:00:00,74463.98,74712.89,73784,74249.32,4918.92532,17-Mar-2026 07:59:59
17-Mar-2026 08:00:00,74249.32,74452.97,73560.98,74033.11,3022.84272,17-Mar-2026 11:59:59
17-Mar-2026 12:00:00,74033.1,74893.94,73399.19,73914.39,4507.55719,17-Mar-2026 15:59:59
17-Mar-2026 16:00:00,73914.4,74800,73855.24,74512.17,3050.04683,17-Mar-2026 19:59:59
17-Mar-2026 20:00:00,74511.21,74799,73871.74,73909.36,2096.68377,17-Mar-2026 23:59:59
18-Mar-2026 00:00:00,73909.37,74672.34,73535.36,74446.14,2220.38681,18-Mar-2026 03:59:59
18-Mar-2026 04:00:00,74446.14,74486.3,73700.01,73883.8,2292.66886,18-Mar-2026 07:59:59
18-Mar-2026 08:00:00,73883.8,74281.33,72800,72952.85,3439.26859,18-Mar-2026 11:59:59
18-Mar-2026 12:00:00,72952.85,72981.79,70857.21,71467.82,8373.20589,18-Mar-2026 15:59:59
18-Mar-2026 16:00:00,71467.82,72000.5,70933.85,71072.38,4336.24884,18-Mar-2026 19:59:59
18-Mar-2026 20:00:00,71072.38,71451.22,70500,71246.54,2731.10194,18-Mar-2026 23:59:59
19-Mar-2026 00:00:00,71246.55,71613.79,70902.37,71215.39,2427.94963,19-Mar-2026 03:59:59
19-Mar-2026 04:00:00,71215.39,71215.39,69478.51,70191.17,4492.82933,19-Mar-2026 07:59:59
19-Mar-2026 08:00:00,70191.16,70560.91,69900,69952.75,3434.1741,19-Mar-2026 11:59:59
19-Mar-2026 12:00:00,69952.75,70179.53,68793.35,69412.51,6707.39933,19-Mar-2026 15:59:59
19-Mar-2026 16:00:00,69412.52,70596.42,69122.03,70271.99,3251.17683,19-Mar-2026 19:59:59
19-Mar-2026 20:00:00,70272,70695.6,69718.23,69930,2051.28897,19-Mar-2026 23:59:59
20-Mar-2026 00:00:00,69930.01,70809.43,69837.1,70729.92,2423.03588,20-Mar-2026 03:59:59
20-Mar-2026 04:00:00,70729.93,70969.71,70160.06,70854.66,2609.94577,20-Mar-2026 07:59:59
20-Mar-2026 08:00:00,70854.66,71367,70218.68,70478.71,3112.13588,20-Mar-2026 11:59:59
20-Mar-2026 12:00:00,70478.71,70685.63,69480,69860.09,4715.91571,20-Mar-2026 15:59:59
20-Mar-2026 16:00:00,69860.09,70190.18,69388,70177.86,3079.98123,20-Mar-2026 19:59:59
20-Mar-2026 20:00:00,70177.85,70923.75,69754.71,70510.73,2180.15298,20-Mar-2026 23:59:59
21-Mar-2026 00:00:00,70510.73,70826,70431.67,70657.35,1194.32406,21-Mar-2026 03:59:59
21-Mar-2026 04:00:00,70657.35,70879.76,70617.05,70727.33,2717.2463,21-Mar-2026 07:59:59
21-Mar-2026 08:00:00,70727.33,70753.79,70492.02,70652.72,2045.34328,21-Mar-2026 11:59:59
21-Mar-2026 12:00:00,70652.73,71100.94,70453.09,70630.02,1644.14012,21-Mar-2026 15:59:59
21-Mar-2026 16:00:00,70630.02,70652.64,70210,70396,1221.39503,21-Mar-2026 19:59:59
21-Mar-2026 20:00:00,70396.01,70516.82,68571.42,68918.12,4574.71871,21-Mar-2026 23:59:59
22-Mar-2026 00:00:00,68918.12,69588.79,68228.5,69339.99,4148.48971,22-Mar-2026 03:59:59
22-Mar-2026 04:00:00,69340,69526.85,68892.93,68919.38,1759.92655,22-Mar-2026 07:59:59
22-Mar-2026 08:00:00,68919.37,68990.67,68110.55,68217.95,2582.06971,22-Mar-2026 11:59:59
22-Mar-2026 12:00:00,68217.94,69005.71,68199.04,68847.96,1809.03421,22-Mar-2026 15:59:59
22-Mar-2026 16:00:00,68847.97,68885.53,68145.01,68199.93,1323.42339,22-Mar-2026 19:59:59
22-Mar-2026 20:00:00,68199.93,68498.4,67360.66,67859,3220.84325,22-Mar-2026 23:59:59
23-Mar-2026 00:00:00,67859,68585.12,67445.18,68074.6,2495.61558,23-Mar-2026 03:59:59
23-Mar-2026 04:00:00,68074.6,68915.4,67502.48,68333.16,4814.40128,23-Mar-2026 07:59:59
23-Mar-2026 08:00:00,68333.16,71499,67916.14,70122.15,9165.95784,23-Mar-2026 11:59:59
23-Mar-2026 12:00:00,70122.15,71817.09,69671.95,70131.48,7343.07463,23-Mar-2026 15:59:59
23-Mar-2026 16:00:00,70131.48,71246.01,70131.47,70679.05,3251.32187,23-Mar-2026 19:59:59
23-Mar-2026 20:00:00,70679.04,70998,70404.39,70906.45,1264.71999,23-Mar-2026 23:59:59
24-Mar-2026 00:00:00,70906.45,71099.96,70278.46,70542.9,2279.09671,24-Mar-2026 03:59:59
24-Mar-2026 04:00:00,70542.9,71400,70119.06,71291.7,3689.3445,24-Mar-2026 07:59:59
24-Mar-2026 08:00:00,71291.7,71368.61,70850.11,71157.77,2477.92852,24-Mar-2026 11:59:59
24-Mar-2026 12:00:00,71157.77,71177.66,69507.34,69873.04,5583.13531,24-Mar-2026 15:59:59
24-Mar-2026 16:00:00,69873.04,70001.92,68923.07,69377.33,3539.49609,24-Mar-2026 19:59:59
24-Mar-2026 20:00:00,69377.33,70832.54,69296.15,70556.74,3133.42131,24-Mar-2026 23:59:59
25-Mar-2026 00:00:00,70556.74,71100.28,70408,70716.7,2504.53992,25-Mar-2026 03:59:59
25-Mar-2026 04:00:00,70716.7,71345,70703.83,70926.88,2879.13545,25-Mar-2026 07:59:59
25-Mar-2026 08:00:00,70926.88,72026.09,70800,71678.97,3287.51237,25-Mar-2026 11:59:59
25-Mar-2026 12:00:00,71678.97,71963.71,70530.47,70832.99,4210.48461,25-Mar-2026 15:59:59
25-Mar-2026 16:00:00,70832.99,71752.88,70681.07,70883.31,2995.16787,25-Mar-2026 19:59:59
25-Mar-2026 20:00:00,70883.32,71594.11,70646.34,71336.53,1842.66044,25-Mar-2026 23:59:59
26-Mar-2026 00:00:00,71336.53,71436.82,70672.37,70921.47,2157.03878,26-Mar-2026 03:59:59
26-Mar-2026 04:00:00,70921.47,70921.47,69805,70087.44,3434.08444,26-Mar-2026 07:59:59
26-Mar-2026 08:00:00,70087.44,70144.44,69192.96,69276.01,3321.72857,26-Mar-2026 11:59:59
26-Mar-2026 12:00:00,69276.01,69877.45,68632.4,69082.64,4699.85538,26-Mar-2026 15:59:59
26-Mar-2026 16:00:00,69082.64,69162,68153,68534.36,4026.59411,26-Mar-2026 19:59:59
26-Mar-2026 20:00:00,68534.37,69478.42,68436.74,68820.31,3181.1564,26-Mar-2026 23:59:59
27-Mar-2026 00:00:00,68820.31,69179.05,68531.37,68767.51,2714.9612,27-Mar-2026 03:59:59
27-Mar-2026 04:00:00,68767.5,68955.53,68304.14,68540.48,3934.07819,27-Mar-2026 07:59:59
27-Mar-2026 08:00:00,68540.49,68635.07,66231.96,66702.78,7325.96218,27-Mar-2026 11:59:59
27-Mar-2026 12:00:00,66702.78,66773.25,65730.17,66112.82,8273.04177,27-Mar-2026 15:59:59
27-Mar-2026 16:00:00,66112.82,66290,65548.25,66040.66,3963.05735,27-Mar-2026 19:59:59
27-Mar-2026 20:00:00,66040.65,66420.75,65817.44,66407.28,2392.59488,27-Mar-2026 23:59:59
28-Mar-2026 00:00:00,66407.28,66520.46,65932.09,66240,2309.42704,28-Mar-2026 03:59:59
28-Mar-2026 04:00:00,66240,66573.61,66110,66561.48,2351.82142,28-Mar-2026 07:59:59
28-Mar-2026 08:00:00,66561.49,66570.09,66124.4,66319.47,1871.98665,28-Mar-2026 11:59:59
28-Mar-2026 12:00:00,66319.46,67288.94,66240.87,67014.91,2726.87142,28-Mar-2026 15:59:59
28-Mar-2026 16:00:00,67014.92,67096.77,66704,66916.52,1090.61096,28-Mar-2026 19:59:59
28-Mar-2026 20:00:00,66916.52,67010,66283.38,66377.03,1111.68098,28-Mar-2026 23:59:59
29-Mar-2026 00:00:00,66377.04,67130.5,66281.4,66912,1535.14396,29-Mar-2026 03:59:59
29-Mar-2026 04:00:00,66912,66936.6,66556.78,66671,1351.87148,29-Mar-2026 07:59:59
29-Mar-2026 08:00:00,66671,66988.01,66418,66816.28,1084.63055,29-Mar-2026 11:59:59
29-Mar-2026 12:00:00,66816.29,66875.24,66334.37,66523,1436.58796,29-Mar-2026 15:59:59
29-Mar-2026 16:00:00,66523.01,66665.05,66158.26,66348.62,994.8232,29-Mar-2026 19:59:59
29-Mar-2026 20:00:00,66348.61,66793.83,65000,66010.93,3649.79869,29-Mar-2026 23:59:59
30-Mar-2026 00:00:00,66010.93,67450,65800.59,67173.8,3701.61439,30-Mar-2026 03:59:59
30-Mar-2026 04:00:00,67173.8,67800,67167.92,67624.39,2742.98319,30-Mar-2026 07:59:59
30-Mar-2026 08:00:00,67624.39,68042.3,67360.41,67680.45,3383.09323,30-Mar-2026 11:59:59
30-Mar-2026 12:00:00,67680.44,68169.65,67088.73,67629.4,4177.92296,30-Mar-2026 15:59:59
30-Mar-2026 16:00:00,67629.4,67641.65,66233.13,66550.05,2673.9969,30-Mar-2026 19:59:59
30-Mar-2026 20:00:00,66550.06,66994.17,66419.79,66797.37,1673.77908,30-Mar-2026 23:59:59
31-Mar-2026 00:00:00,66797.38,68408.37,66544.51,67704.74,2940.06225,31-Mar-2026 03:59:59
31-Mar-2026 04:00:00,67704.74,67979.38,67103.32,67367.69,3894.57803,31-Mar-2026 07:59:59
31-Mar-2026 08:00:00,67367.7,67496,65998.05,66685.69,4187.99082,31-Mar-2026 11:59:59
31-Mar-2026 12:00:00,66685.69,67767.87,66427.53,66736.8,4137.18923,31-Mar-2026 15:59:59
31-Mar-2026 16:00:00,66736.79,68589.49,66729.28,67838.8,4391.49464,31-Mar-2026 19:59:59
31-Mar-2026 20:00:00,67838.79,68410.3,67831.7,68284.48,2554.09165,31-Mar-2026 23:59:59
01-Apr-2026 00:00:00,68284.49,68378.64,67578.75,68170.67,3175.60054,01-Apr-2026 03:59:59
01-Apr-2026 04:00:00,68170.67,69310,68005.33,68692,4308.24633,01-Apr-2026 07:59:59
01-Apr-2026 08:00:00,68692,68851.35,68389.21,68712.52,3486.85039,01-Apr-2026 11:59:59
01-Apr-2026 12:00:00,68712.52,68965,67918.83,68918.52,4091.84986,01-Apr-2026 15:59:59
01-Apr-2026 16:00:00,68918.52,69171.77,67939.28,68176.84,2610.209,01-Apr-2026 19:59:59
01-Apr-2026 20:00:00,68176.84,68534,67964.48,68113.92,1347.43378,01-Apr-2026 23:59:59
02-Apr-2026 00:00:00,68113.92,68653.38,66500,66576.25,4290.09553,02-Apr-2026 03:59:59
02-Apr-2026 04:00:00,66576.25,66961.26,66217.07,66930.79,2994.81146,02-Apr-2026 07:59:59
02-Apr-2026 08:00:00,66930.79,66930.79,66167.1,66220.28,2840.44212,02-Apr-2026 11:59:59
02-Apr-2026 12:00:00,66220.28,67104.86,65712.12,66852.91,4983.19383,02-Apr-2026 15:59:59
02-Apr-2026 16:00:00,66852.91,67430.99,66596.8,66975.99,3741.79932,02-Apr-2026 19:59:59
02-Apr-2026 20:00:00,66976,67100,66731.08,66901.99,1353.1369,02-Apr-2026 23:59:59
03-Apr-2026 00:00:00,66901.99,67000,66282,66579.97,2208.57089,03-Apr-2026 03:59:59
03-Apr-2026 04:00:00,66579.98,67247.38,66416.68,67042.08,2873.22499,03-Apr-2026 07:59:59
03-Apr-2026 08:00:00,67042.08,67288,66674.72,67017.44,1439.81595,03-Apr-2026 11:59:59
03-Apr-2026 12:00:00,67017.43,67370.42,66508.1,66827.15,2358.77199,03-Apr-2026 15:59:59
03-Apr-2026 16:00:00,66827.15,67069,66751.86,66885.74,1215.72021,03-Apr-2026 19:59:59
03-Apr-2026 20:00:00,66885.73,66970.18,66826.13,66964.3,1333.02728,03-Apr-2026 23:59:59
04-Apr-2026 00:00:00,66964.29,66968.28,66814,66832.18,803.20366,04-Apr-2026 03:59:59
04-Apr-2026 04:00:00,66832.18,67052.99,66775.91,67014.96,1728.28038,04-Apr-2026 07:59:59
04-Apr-2026 08:00:00,67014.95,67232.72,66918,67156.93,1347.31961,04-Apr-2026 11:59:59
04-Apr-2026 12:00:00,67156.93,67562.93,67029.07,67383.66,1507.29551,04-Apr-2026 15:59:59
04-Apr-2026 16:00:00,67383.66,67543.6,67265,67288.42,858.41299,04-Apr-2026 19:59:59
04-Apr-2026 20:00:00,67288.42,67504.54,67186.62,67300.42,1129.00398,04-Apr-2026 23:59:59
05-Apr-2026 00:00:00,67300.42,67307.28,66955.72,67145.98,1216.87122,05-Apr-2026 03:59:59
05-Apr-2026 04:00:00,67145.98,67188.51,66611.66,66820.64,1903.42714,05-Apr-2026 07:59:59
05-Apr-2026 08:00:00,66820.64,67150,66819.42,66999,1062.42874,05-Apr-2026 11:59:59
05-Apr-2026 12:00:00,66998.99,67856.16,66680.57,67306.64,2736.41551,05-Apr-2026 15:59:59
05-Apr-2026 16:00:00,67306.65,67560.45,67173.4,67361.01,965.55771,05-Apr-2026 19:59:59
05-Apr-2026 20:00:00,67361.01,69136.2,67332.66,69034.18,3848.7672,05-Apr-2026 23:59:59
06-Apr-2026 00:00:00,69034.18,69588,68776.61,69123.69,4502.91561,06-Apr-2026 03:59:59
06-Apr-2026 04:00:00,69123.69,69354.26,68806.53,69115.91,2814.82721,06-Apr-2026 07:59:59
06-Apr-2026 08:00:00,69115.91,70283.32,69081.88,69614.91,3999.04132,06-Apr-2026 11:59:59
06-Apr-2026 12:00:00,69614.91,69973.25,69163.86,69968.87,3409.36539,06-Apr-2026 15:59:59
06-Apr-2026 16:00:00,69968.87,70351.46,69282.02,69739.53,3175.25769,06-Apr-2026 19:59:59
06-Apr-2026 20:00:00,69739.52,69974.08,68300,68853.66,2380.20322,06-Apr-2026 23:59:59
07-Apr-2026 00:00:00,68853.66,69128.2,68273.34,68779.21,2422.31591,07-Apr-2026 03:59:59
07-Apr-2026 04:00:00,68779.2,68981.83,68443,68624.61,1823.63549,07-Apr-2026 07:59:59
07-Apr-2026 08:00:00,68624.6,69247.9,68071.96,68345.75,2273.58534,07-Apr-2026 11:59:59
07-Apr-2026 12:00:00,68345.75,68633.87,67732.01,68168.1,4041.29436,07-Apr-2026 15:59:59
07-Apr-2026 16:00:00,68168.11,69098.44,68085.01,69011.29,3817.42066,07-Apr-2026 19:59:59
07-Apr-2026 20:00:00,69011.29,72761,69011.29,71924.22,9372.24485,07-Apr-2026 23:59:59
08-Apr-2026 00:00:00,71924.22,72110.65,71240.99,71287.39,3370.06511,08-Apr-2026 03:59:59
08-Apr-2026 04:00:00,71287.39,71941.42,71287.38,71627.59,3297.9557,08-Apr-2026 07:59:59
08-Apr-2026 08:00:00,71627.59,71955,71407.77,71675.12,2214.64952,08-Apr-2026 11:59:59
08-Apr-2026 12:00:00,71675.12,72857,70707.23,71310,6816.03917,08-Apr-2026 15:59:59
08-Apr-2026 16:00:00,71309.99,71963.94,71019,71318.48,2617.29334,08-Apr-2026 19:59:59
08-Apr-2026 20:00:00,71318.47,71748,70901.89,71069.93,1486.68343,08-Apr-2026 23:59:59
09-Apr-2026 00:00:00,71069.93,71198.8,70466,70992.39,2645.29554,09-Apr-2026 03:59:59
09-Apr-2026 04:00:00,70992.37,71116,70689.38,70982.01,2261.38499,09-Apr-2026 07:59:59
09-Apr-2026 08:00:00,70982.01,71575,70865.42,71150.17,1825.96774,09-Apr-2026 11:59:59
09-Apr-2026 12:00:00,71150.17,72358,70522.77,72141.99,4001.11726,09-Apr-2026 15:59:59
09-Apr-2026 16:00:00,72142,72550,71729.66,72096.32,4013.80807,09-Apr-2026 19:59:59
09-Apr-2026 20:00:00,72096.33,73145,71585.25,71787.97,3410.84799,09-Apr-2026 23:59:59
10-Apr-2026 00:00:00,71787.98,72387,71573.35,71868.67,2706.87605,10-Apr-2026 03:59:59
10-Apr-2026 04:00:00,71868.67,72267.89,71428,71481.85,2293.26674,10-Apr-2026 07:59:59
10-Apr-2026 08:00:00,71481.85,72261.93,71426.15,72127.59,1565.72366,10-Apr-2026 11:59:59
10-Apr-2026 12:00:00,72127.59,73289.96,71899.51,72460.51,5093.36163,10-Apr-2026 15:59:59
10-Apr-2026 16:00:00,72460.52,73264.76,72387.41,73236.11,2498.15366,10-Apr-2026 19:59:59
10-Apr-2026 20:00:00,73236.11,73434,72700.6,72962.7,3215.25114,10-Apr-2026 23:59:59
11-Apr-2026 00:00:00,72962.71,73094.89,72670,72866.63,1637.40665,11-Apr-2026 03:59:59
11-Apr-2026 04:00:00,72866.62,72954.28,72612.16,72745.38,1432.18692,11-Apr-2026 07:59:59
11-Apr-2026 08:00:00,72745.38,72915.95,72617.75,72907.05,905.10314,11-Apr-2026 11:59:59
11-Apr-2026 12:00:00,72907.05,72982.4,72513.09,72858.17,1133.77392,11-Apr-2026 15:59:59
11-Apr-2026 16:00:00,72858.18,73790,72812.94,73687.15,2377.30473,11-Apr-2026 19:59:59
11-Apr-2026 20:00:00,73687.16,73689.97,72907.4,73043.16,1585.16838,11-Apr-2026 23:59:59
12-Apr-2026 00:00:00,73043.16,73137.24,71310,71593.19,4092.12587,12-Apr-2026 03:59:59
12-Apr-2026 04:00:00,71593.18,71781,71417.22,71665,1969.72049,12-Apr-2026 07:59:59
12-Apr-2026 08:00:00,71664.99,71805.85,71357.76,71468.55,1780.81611,12-Apr-2026 11:59:59
12-Apr-2026 12:00:00,71468.54,71500,70604.07,70892.03,2361.32179,12-Apr-2026 15:59:59
12-Apr-2026 16:00:00,70892.04,71222.58,70821.05,71084.18,991.98626,12-Apr-2026 19:59:59
12-Apr-2026 20:00:00,71084.18,71452,70505.88,70740.98,2276.49749,12-Apr-2026 23:59:59
13-Apr-2026 00:00:00,70741.56,71271.78,70615.3,70976,1886.6472,13-Apr-2026 03:59:59
13-Apr-2026 04:00:00,70975.99,71144,70672.72,70813.88,2674.10149,13-Apr-2026 07:59:59
13-Apr-2026 08:00:00,70813.88,70997.12,70566.99,70929.68,1023.04479,13-Apr-2026 11:59:59
13-Apr-2026 12:00:00,70929.68,72464.28,70758.5,71866.59,5445.44909,13-Apr-2026 15:59:59
13-Apr-2026 16:00:00,71866.59,73480,71679.8,73322.82,6766.75131,13-Apr-2026 19:59:59
13-Apr-2026 20:00:00,73322,74900,73007.08,74417.99,6434.22237,13-Apr-2026 23:59:59
14-Apr-2026 00:00:00,74418,74579.32,73954.86,74444.43,3586.04231,14-Apr-2026 03:59:59
14-Apr-2026 04:00:00,74444.44,74924.64,74150.6,74546,3393.84035,14-Apr-2026 07:59:59
14-Apr-2026 08:00:00,74545.99,74910,74307.35,74376.52,2697.70497,14-Apr-2026 11:59:59
14-Apr-2026 12:00:00,74376.52,76038,74277.19,75317.07,9779.47075,14-Apr-2026 15:59:59
14-Apr-2026 16:00:00,75317.06,75688,73795.47,74223.18,4920.10933,14-Apr-2026 19:59:59
14-Apr-2026 20:00:00,74223.3,74434.33,73806.09,74131.55,2155.77685,14-Apr-2026 23:59:59
15-Apr-2026 00:00:00,74131.55,74786.72,74126.32,74345.97,2142.74367,15-Apr-2026 03:59:59
15-Apr-2026 04:00:00,74345.98,74434.51,73514,73730.43,3073.4123,15-Apr-2026 07:59:59
15-Apr-2026 08:00:00,73730.43,74256.44,73675.96,74201.78,1889.67298,15-Apr-2026 11:59:59
15-Apr-2026 12:00:00,74201.78,74506.84,73580.85,73844.08,2744.86135,15-Apr-2026 15:59:59
15-Apr-2026 16:00:00,73844.07,75281,73762.89,75002.6,2728.37363,15-Apr-2026 19:59:59
15-Apr-2026 20:00:00,75002.6,75425,74512.06,74809.99,1845.97774,15-Apr-2026 23:59:59
16-Apr-2026 00:00:00,74809.99,75267.85,74451.49,74888.21,1937.97594,16-Apr-2026 03:59:59
16-Apr-2026 04:00:00,74888.21,75174.38,74636,74707.03,2185.42777,16-Apr-2026 07:59:59
16-Apr-2026 08:00:00,74707.02,74901.5,74277.34,74574.79,2687.27336,16-Apr-2026 11:59:59
16-Apr-2026 12:00:00,74574.8,75030.39,73309.85,74697.19,5210.02393,16-Apr-2026 15:59:59
16-Apr-2026 16:00:00,74697.2,75410.71,73912.23,75342.99,3497.56,16-Apr-2026 19:59:59
16-Apr-2026 20:00:00,75343,75534.76,74789.5,75154.29,1570.42677,16-Apr-2026 23:59:59
17-Apr-2026 00:00:00,75154.28,75154.77,74529.4,74615.82,2160.86835,17-Apr-2026 03:59:59
17-Apr-2026 04:00:00,74615.82,75089.51,74555.12,75074.77,1339.49148,17-Apr-2026 07:59:59
17-Apr-2026 08:00:00,75074.76,76370.25,74993.24,75589.7,4979.26567,17-Apr-2026 11:59:59
17-Apr-2026 12:00:00,75589.7,78052.49,75531.97,77785.02,11844.17586,17-Apr-2026 15:59:59
17-Apr-2026 16:00:00,77785.03,78333,77000,77393.58,3865.48754,17-Apr-2026 19:59:59
17-Apr-2026 20:00:00,77393.58,77611.68,76911,77072,1752.07804,17-Apr-2026 23:59:59
18-Apr-2026 00:00:00,77072.01,77420.08,76962.67,77005.47,1127.42699,18-Apr-2026 03:59:59
18-Apr-2026 04:00:00,77005.47,77278.58,76884.1,76997.8,1126.90915,18-Apr-2026 07:59:59
18-Apr-2026 08:00:00,76997.79,77048,75763.76,76039.05,2670.18059,18-Apr-2026 11:59:59
18-Apr-2026 12:00:00,76039.06,76363.75,75797.53,76167.34,1672.54902,18-Apr-2026 15:59:59
18-Apr-2026 16:00:00,76167.33,76211.57,75445.16,75649.85,1564.20833,18-Apr-2026 19:59:59
18-Apr-2026 20:00:00,75649.86,75891.64,75599.64,75691.76,980.57048,18-Apr-2026 23:59:59
19-Apr-2026 00:00:00,75691.76,75847.42,75357,75515.77,1006.37687,19-Apr-2026 03:59:59
19-Apr-2026 04:00:00,75515.76,75782.63,74867.72,75252.34,1626.173,19-Apr-2026 07:59:59
19-Apr-2026 08:00:00,75252.33,75641.99,74921.74,75604.11,1388.70023,19-Apr-2026 11:59:59
19-Apr-2026 12:00:00,75604.11,76240.66,75401.44,75846.63,2918.88485,19-Apr-2026 15:59:59
19-Apr-2026 16:00:00,75846.63,75853.26,74608,74965.47,2037.3962,19-Apr-2026 19:59:59
19-Apr-2026 20:00:00,74965.46,74965.47,73762.9,73801.79,2392.29117,19-Apr-2026 23:59:59
20-Apr-2026 00:00:00,73801.8,74746.93,73724.31,74634,2498.4367,20-Apr-2026 03:59:59
20-Apr-2026 04:00:00,74634.01,75572,74095.18,74837.17,2480.55303,20-Apr-2026 07:59:59
20-Apr-2026 08:00:00,74837.18,75404.63,74619.41,75192.71,1646.53372,20-Apr-2026 11:59:59
20-Apr-2026 12:00:00,75192.72,75772.72,74702,75716.77,3717.10765,20-Apr-2026 15:59:59
20-Apr-2026 16:00:00,75716.78,76486.67,75289.92,76296.96,4186.21296,20-Apr-2026 19:59:59
20-Apr-2026 20:00:00,76296.97,76558.62,75617.6,75840.97,2464.56628,20-Apr-2026 23:59:59
21-Apr-2026 00:00:00,75840.97,76263.4,75474.77,75710.3,1612.43915,21-Apr-2026 03:59:59
21-Apr-2026 04:00:00,75710.31,76300,75600,76084.34,2226.77918,21-Apr-2026 07:59:59
21-Apr-2026 08:00:00,76084.34,76927.57,76063.98,76452.94,2659.19547,21-Apr-2026 11:59:59
21-Apr-2026 12:00:00,76452.94,76595.3,75430.62,75834.65,3598.9457,21-Apr-2026 15:59:59
21-Apr-2026 16:00:00,75834.66,76190.72,74821.57,75023.43,2902.15339,21-Apr-2026 19:59:59
21-Apr-2026 20:00:00,75023.43,76425.37,74967.58,76336.15,1913.05843,21-Apr-2026 23:59:59
22-Apr-2026 00:00:00,76336.14,77733.11,76132.95,77521.48,3427.92326,22-Apr-2026 03:59:59
22-Apr-2026 04:00:00,77521.47,78452.18,77364.25,78012.79,4391.05885,22-Apr-2026 07:59:59
22-Apr-2026 08:00:00,78012.78,78399,77941.59,78300,2316.44812,22-Apr-2026 11:59:59
22-Apr-2026 12:00:00,78300,79400,78114.04,79272.9,5465.82641,22-Apr-2026 15:59:59
22-Apr-2026 16:00:00,79272.91,79472.82,78632.37,78846.62,2393.5344,22-Apr-2026 19:59:59
22-Apr-2026 20:00:00,78846.62,78915.84,78155.83,78178.23,1742.72121,22-Apr-2026 23:59:59
23-Apr-2026 00:00:00,78178.22,78574.44,77453.43,77746.46,3482.97564,23-Apr-2026 03:59:59
23-Apr-2026 04:00:00,77746.47,78339.35,77675.8,78048.62,1711.42731,23-Apr-2026 07:59:59
23-Apr-2026 08:00:00,78048.61,78175.52,77174.01,77704.62,3562.23716,23-Apr-2026 11:59:59
23-Apr-2026 12:00:00,77704.61,78662.5,77379.92,78376.76,3163.89025,23-Apr-2026 15:59:59
23-Apr-2026 16:00:00,78376.77,78509.82,76960,77727.26,3947.74807,23-Apr-2026 19:59:59
23-Apr-2026 20:00:00,77727.25,78331,77637.5,78257.48,1102.51658,23-Apr-2026 23:59:59
24-Apr-2026 00:00:00,78257.48,78581.93,77555,77737.85,2050.74535,24-Apr-2026 03:59:59
24-Apr-2026 04:00:00,77737.84,78057.65,77457,77644.6,2006.47598,24-Apr-2026 07:59:59
24-Apr-2026 08:00:00,77644.59,78372.58,77402.01,78240.26,2919.1254,24-Apr-2026 11:59:59
24-Apr-2026 12:00:00,78240.27,78479.37,77577.22,78038.62,2850.11432,24-Apr-2026 15:59:59
24-Apr-2026 16:00:00,78038.63,78060.29,77363.63,77628.85,1634.32254,24-Apr-2026 19:59:59
24-Apr-2026 20:00:00,77628.84,77757.14,77264.08,77437.13,1214.35956,24-Apr-2026 23:59:59
25-Apr-2026 00:00:00,77437.13,77711.87,77309.92,77679.07,943.00804,25-Apr-2026 03:59:59
25-Apr-2026 04:00:00,77679.08,77691.23,77450,77501.19,894.01774,25-Apr-2026 07:59:59
25-Apr-2026 08:00:00,77501.19,77885.35,77491.36,77682.3,753.19705,25-Apr-2026 11:59:59
25-Apr-2026 12:00:00,77682.29,77752.54,77299.89,77330.26,1006.59668,25-Apr-2026 15:59:59
25-Apr-2026 16:00:00,77330.25,77454.31,77140.23,77330.01,1247.67486,25-Apr-2026 19:59:59
25-Apr-2026 20:00:00,77330,77650,77311.05,77625,840.61983,25-Apr-2026 23:59:59
26-Apr-2026 00:00:00,77625,77642.43,77326.51,77400.21,671.17692,26-Apr-2026 03:59:59
26-Apr-2026 04:00:00,77400.21,78200,77383.46,78102.53,1405.76785,26-Apr-2026 07:59:59
26-Apr-2026 08:00:00,78102.53,78210,77926.59,78101.44,721.69853,26-Apr-2026 11:59:59
26-Apr-2026 12:00:00,78101.43,78173.15,77770,78049,1130.54235,26-Apr-2026 15:59:59
26-Apr-2026 16:00:00,78049,78500,77850,78221.16,1505.06004,26-Apr-2026 19:59:59
26-Apr-2026 20:00:00,78221.17,78961,77843.75,78657.55,2529.31593,26-Apr-2026 23:59:59
27-Apr-2026 00:00:00,78657.55,79485.66,78400.03,79105.49,3042.99628,27-Apr-2026 03:59:59
27-Apr-2026 04:00:00,79105.5,79160,77465.05,77606.6,3608.39615,27-Apr-2026 07:59:59
27-Apr-2026 08:00:00,77606.59,77980,77553.23,77844.26,1607.93582,27-Apr-2026 11:59:59
27-Apr-2026 12:00:00,77844.25,78265.34,76564.33,76793.09,3804.78309,27-Apr-2026 15:59:59
27-Apr-2026 16:00:00,76793.1,76990.43,76459.64,76878.07,2644.9239,27-Apr-2026 19:59:59
27-Apr-2026 20:00:00,76878.23,77450,76763.71,77371.32,1337.88894,27-Apr-2026 23:59:59
28-Apr-2026 00:00:00,77371.32,77478,76672,76815.18,1448.26407,28-Apr-2026 03:59:59
28-Apr-2026 04:00:00,76815.18,77154,76424.9,76879.28,2882.71195,28-Apr-2026 07:59:59
28-Apr-2026 08:00:00,76879.28,77013.63,76130.1,76229,2842.73206,28-Apr-2026 11:59:59
28-Apr-2026 12:00:00,76228.99,76421.94,75666.6,76066.38,3776.77215,28-Apr-2026 15:59:59
28-Apr-2026 16:00:00,76066.37,76380.83,75881.28,76330.97,1381.80454,28-Apr-2026 19:59:59
28-Apr-2026 20:00:00,76330.97,76481.3,76197.02,76342.77,878.43906,28-Apr-2026 23:59:59
29-Apr-2026 00:00:00,76342.78,77127.62,76187.75,76994.78,1891.92924,29-Apr-2026 03:59:59
29-Apr-2026 04:00:00,76994.77,77455.71,76880,77053.64,2974.5751,29-Apr-2026 07:59:59
29-Apr-2026 08:00:00,77053.65,77904.93,76972.32,77590.03,2697.20554,29-Apr-2026 11:59:59
29-Apr-2026 12:00:00,77590.04,77596.39,75705.32,75924.25,5263.52444,29-Apr-2026 15:59:59
29-Apr-2026 16:00:00,75924.24,76274.8,74937.52,75563.86,3962.49362,29-Apr-2026 19:59:59
29-Apr-2026 20:00:00,75563.87,76088.9,75497.43,75780,1490.20228,29-Apr-2026 23:59:59
30-Apr-2026 00:00:00,75780,76473.26,75494.7,75928.1,1613.44526,30-Apr-2026 03:59:59
30-Apr-2026 04:00:00,75928.09,76179.91,75323.65,76161.67,1807.58096,30-Apr-2026 07:59:59
30-Apr-2026 08:00:00,76161.67,76339.38,75876.29,76059.43,1712.03014,30-Apr-2026 11:59:59
30-Apr-2026 12:00:00,76059.42,76669.14,76042.75,76473.6,3506.19966,30-Apr-2026 15:59:59
30-Apr-2026 16:00:00,76473.6,76514.8,76111,76412.8,930.96663,30-Apr-2026 19:59:59
30-Apr-2026 20:00:00,76412.8,76568.9,76206.02,76346.57,811.59342,30-Apr-2026 23:59:59
01-May-2026 00:00:00,76346.58,77453.74,76320.42,77131.08,2250.38749,01-May-2026 03:59:59
01-May-2026 04:00:00,77131.08,77206.38,76653.6,77130.54,2352.39487,01-May-2026 07:59:59
01-May-2026 08:00:00,77130.54,77600,77048,77463.98,1968.27324,01-May-2026 11:59:59
01-May-2026 12:00:00,77463.98,78914.12,77408.73,78445.89,6731.19551,01-May-2026 15:59:59
01-May-2026 16:00:00,78445.88,78683.23,78131.02,78360,2194.42574,01-May-2026 19:59:59
01-May-2026 20:00:00,78360.01,78422.81,77752,78231.13,1818.78817,01-May-2026 23:59:59
02-May-2026 00:00:00,78231.13,78514.82,78166.48,78400,1196.13639,02-May-2026 03:59:59
02-May-2026 04:00:00,78399.99,78448.99,78040,78220,1475.03871,02-May-2026 07:59:59
02-May-2026 08:00:00,78220,78394,78094.43,78143.08,868.1323,02-May-2026 11:59:59
02-May-2026 12:00:00,78143.09,78487.68,78108.41,78487.67,726.08154,02-May-2026 15:59:59
02-May-2026 16:00:00,78487.67,78596.61,78310.54,78486,708.03792,02-May-2026 19:59:59
02-May-2026 20:00:00,78486.23,79199.48,78418.32,78686.85,1177.44956,02-May-2026 23:59:59
03-May-2026 00:00:00,78686.84,78754.55,78108.75,78203.08,1047.76325,03-May-2026 03:59:59
03-May-2026 04:00:00,78203.07,78483.67,78084.08,78363.25,794.16967,03-May-2026 07:59:59
03-May-2026 08:00:00,78363.24,78849.22,78354.53,78656.01,948.77514,03-May-2026 11:59:59
03-May-2026 12:00:00,78656.01,78878.77,78586.99,78668.36,1137.8563,03-May-2026 15:59:59
03-May-2026 16:00:00,78668.36,78853.32,78558.65,78760.32,916.2637,03-May-2026 19:59:59
03-May-2026 20:00:00,78760.32,79447,78484.42,78568.57,2580.96484,03-May-2026 23:59:59
04-May-2026 00:00:00,78568.58,80458,78288.88,80316.31,5091.61332,04-May-2026 03:59:59
04-May-2026 04:00:00,80316.3,80635.51,79500,79696.75,3632.41236,04-May-2026 07:59:59
04-May-2026 08:00:00,79696.75,79930,78202,78793.67,5989.03806,04-May-2026 11:59:59
04-May-2026 12:00:00,78793.67,80545.17,78500,80028.85,5918.14009,04-May-2026 15:59:59
04-May-2026 16:00:00,80028.85,80776.99,79619.33,80053.31,3742.49503,04-May-2026 19:59:59
04-May-2026 20:00:00,80053.31,80397.19,79744.91,79861.01,1669.26249,04-May-2026 23:59:59
05-May-2026 00:00:00,79861.01,81083.98,79808.72,80893.08,2402.14099,05-May-2026 03:59:59
05-May-2026 04:00:00,80893.08,81323.52,80725,80855.59,2974.59341,05-May-2026 07:59:59
05-May-2026 08:00:00,80855.59,81095.48,80527.76,81014.05,2484.57226,05-May-2026 11:59:59
05-May-2026 12:00:00,81014.05,81712.32,80932.54,81525.19,4561.19169,05-May-2026 15:59:59
05-May-2026 16:00:00,81525.19,81680,81050.04,81606.35,1780.45876,05-May-2026 19:59:59
05-May-2026 20:00:00,81606.35,81791.48,80790,80905.52,2744.22284,05-May-2026 23:59:59
06-May-2026 00:00:00,80905.53,81760.84,80731.14,81581.69,3011.74344,06-May-2026 03:59:59
06-May-2026 04:00:00,81581.7,81649.99,81060,81359.82,2300.70653,06-May-2026 07:59:59
06-May-2026 08:00:00,81359.82,82850,81328.68,82522.89,5188.93186,06-May-2026 11:59:59
06-May-2026 12:00:00,82522.88,82539.33,81136,81704.25,4508.6602,06-May-2026 15:59:59
06-May-2026 16:00:00,81704.25,81907.51,81200,81464.87,2369.91746,06-May-2026 19:59:59
06-May-2026 20:00:00,81464.86,81700,81000,81447.01,1418.81447,06-May-2026 23:59:59
07-May-2026 00:00:00,81447.01,81490.03,80830.23,80834.91,2068.1731,07-May-2026 03:59:59
07-May-2026 04:00:00,80834.92,81708.32,80725.09,81518.58,2038.83969,07-May-2026 07:59:59
07-May-2026 08:00:00,81518.57,81590,80572.4,80866.65,2364.09693,07-May-2026 11:59:59
07-May-2026 12:00:00,80866.65,81180,79699.52,79890.63,4826.66306,07-May-2026 15:59:59
07-May-2026 16:00:00,79890,80269.06,79500,80146.11,3315.14425,07-May-2026 19:59:59
07-May-2026 20:00:00,80146.77,80371.23,79582.95,80006,1541.88635,07-May-2026 23:59:59
08-May-2026 00:00:00,80006,80142.84,79181.48,79578.85,3093.73664,08-May-2026 03:59:59
08-May-2026 04:00:00,79578.84,79778.95,79248.58,79682.4,2410.56518,08-May-2026 07:59:59
08-May-2026 08:00:00,79682.4,80340.94,79666.05,80231.22,2348.19703,08-May-2026 11:59:59
08-May-2026 12:00:00,80231.22,80500,79549.54,80142.14,3741.40163,08-May-2026 15:59:59
08-May-2026 16:00:00,80142.13,80299.99,79738.75,80179.94,3047.90033,08-May-2026 19:59:59
08-May-2026 20:00:00,80180,80409.09,80089.76,80193.17,1359.50928,08-May-2026 23:59:59
09-May-2026 00:00:00,80193.18,80550.67,80129.85,80383.95,1093.10948,09-May-2026 03:59:59
09-May-2026 04:00:00,80383.96,80666.66,80135,80228.89,1481.48785,09-May-2026 07:59:59
09-May-2026 08:00:00,80228.88,80452.44,80166.26,80345.46,1009.73824,09-May-2026 11:59:59
09-May-2026 12:00:00,80345.47,80600,80234,80527.92,1439.92073,09-May-2026 15:59:59
09-May-2026 16:00:00,80527.92,81080,80487.4,80938.53,1533.85565,09-May-2026 19:59:59
09-May-2026 20:00:00,80938.53,80938.53,80621.88,80678.4,990.30982,09-May-2026 23:59:59
10-May-2026 00:00:00,80678.41,80887.15,80572.77,80775,1332.26793,10-May-2026 03:59:59
10-May-2026 04:00:00,80774.99,80840,80658.97,80736.03,1238.41638,10-May-2026 07:59:59
10-May-2026 08:00:00,80736.03,80975.4,80691,80821.21,1108.70905,10-May-2026 11:59:59
10-May-2026 12:00:00,80821.21,81442.81,80784.2,81418.01,1642.67937,10-May-2026 15:59:59
10-May-2026 16:00:00,81418.01,81583.11,81148,81437.83,1798.22732,10-May-2026 19:59:59
10-May-2026 20:00:00,81437.83,82479.32,80279.77,82210.07,4914.01877,10-May-2026 23:59:59
11-May-2026 00:00:00,82210.07,82380,80525,80736.01,3139.85094,11-May-2026 03:59:59
11-May-2026 04:00:00,80736,81049.51,80639.99,80740.4,1595.10256,11-May-2026 07:59:59
11-May-2026 08:00:00,80740.4,81200,80621.87,81196.94,1639.3936,11-May-2026 11:59:59
11-May-2026 12:00:00,81196.95,81458,80462.97,81445.9,2668.23418,11-May-2026 15:59:59
11-May-2026 16:00:00,81445.89,82137.26,81344.72,81961.99,2673.46567,11-May-2026 19:59:59
11-May-2026 20:00:00,81961.99,82078.91,81596.31,81745.65,1235.71361,11-May-2026 23:59:59
12-May-2026 00:00:00,81745.66,81788,80714.28,81058.8,1860.32116,12-May-2026 03:59:59
12-May-2026 04:00:00,81058.79,81305.24,80800.77,80865.4,1779.90239,12-May-2026 07:59:59
12-May-2026 08:00:00,80865.4,80964.13,80496.57,80784.87,1973.06446,12-May-2026 11:59:59
12-May-2026 12:00:00,80784.86,80999,80188.65,80336.01,3205.73752,12-May-2026 15:59:59
12-May-2026 16:00:00,80336.01,80874.42,79843.59,80834.64,2673.67675,12-May-2026 19:59:59
12-May-2026 20:00:00,80835.3,80896.25,80439.91,80504.47,893.55448,12-May-2026 23:59:59
13-May-2026 00:00:00,80504.47,81299.99,80412.15,81249.99,1575.91837,13-May-2026 03:59:59
13-May-2026 04:00:00,81249.99,81281.07,80889.12,81026.92,1495.76347,13-May-2026 07:59:59
13-May-2026 08:00:00,81026.92,81324.64,80494.98,80501.22,1841.28298,13-May-2026 11:59:59
13-May-2026 12:00:00,80501.22,80592.65,78807.22,78827.21,5073.46241,13-May-2026 15:59:59
13-May-2026 16:00:00,78827.21,79800,78754.65,79642.41,3344.60077,13-May-2026 19:59:59
13-May-2026 20:00:00,79642.41,79760,79228,79313.61,1479.02843,13-May-2026 23:59:59
14-May-2026 00:00:00,79313.61,79681.73,78922,79044.85,2209.55472,14-May-2026 03:59:59
14-May-2026 04:00:00,79044.86,79998,78982.06,79745.98,2068.97946,14-May-2026 07:59:59
14-May-2026 08:00:00,79745.99,79936.98,79234,79258.27,1846.46215,14-May-2026 11:59:59
14-May-2026 12:00:00,79258.27,81332.23,79230.31,81301.23,5702.09728,14-May-2026 15:59:59
14-May-2026 16:00:00,81301.22,82048.13,81080.25,81419.74,6279.93607,14-May-2026 19:59:59
14-May-2026 20:00:00,81419.75,81590.19,81059.93,81089.99,1620.83839,14-May-2026 23:59:59
15-May-2026 00:00:00,81090,81664.45,80750,81059.15,2453.72559,15-May-2026 03:59:59
15-May-2026 04:00:00,81059.15,81100,80314,80814.88,3091.1014,15-May-2026 07:59:59
15-May-2026 08:00:00,80814.88,80822.95,80369,80628.53,1706.25967,15-May-2026 11:59:59
15-May-2026 12:00:00,80628.52,80635.44,78659,79150.27,6208.56941,15-May-2026 15:59:59
15-May-2026 16:00:00,79150.26,79561.94,79051,79146.5,1959.36078,15-May-2026 19:59:59
15-May-2026 20:00:00,79146.5,79217.07,78911.42,79113.21,1932.25394,15-May-2026 23:59:59
16-May-2026 00:00:00,79113.2,79227.77,79010,79083.18,1248.1828,16-May-2026 03:59:59
16-May-2026 04:00:00,79083.19,79129.71,78066,78369.77,2404.82958,16-May-2026 07:59:59
16-May-2026 08:00:00,78369.78,78530.52,77640,78081.71,3846.10003,16-May-2026 11:59:59
16-May-2026 12:00:00,78080.46,78346,77833.4,78238.67,2684.35726,16-May-2026 15:59:59
16-May-2026 16:00:00,78238.68,78364.65,78119.72,78259.66,1260.04581,16-May-2026 19:59:59
16-May-2026 20:00:00,78259.67,78318.94,78125.32,78148.05,689.34644,16-May-2026 23:59:59
17-May-2026 00:00:00,78148.05,78243.19,77721.19,78028.88,1284.92928,17-May-2026 03:59:59
17-May-2026 04:00:00,78028.88,78323.96,78003.35,78180.01,952.09545,17-May-2026 07:59:59
17-May-2026 08:00:00,78180,78599.99,78033.01,78415.99,1136.18338,17-May-2026 11:59:59
17-May-2026 12:00:00,78415.99,78550,77850,78051.41,1115.91599,17-May-2026 15:59:59
17-May-2026 16:00:00,78051.42,78468.46,77856.69,78415.3,837.07576,17-May-2026 19:59:59
17-May-2026 20:00:00,78415.29,78485.36,76735.16,77457.67,3116.50234,17-May-2026 23:59:59
18-May-2026 00:00:00,77457.67,77477.99,76707.61,76924.65,2888.01155,18-May-2026 03:59:59
18-May-2026 04:00:00,76924.66,77089.29,76583.33,77073.69,2702.66726,18-May-2026 07:59:59
18-May-2026 08:00:00,77073.69,77403.48,76668.58,77285.83,2052.55387,18-May-2026 11:59:59
18-May-2026 12:00:00,77285.83,77800,76051,76409.46,6216.09738,18-May-2026 15:59:59
18-May-2026 16:00:00,76409.46,76995,76144.24,76928,3295.85681,18-May-2026 19:59:59
18-May-2026 20:00:00,76928,77222.79,76800,77001.87,1590.32991,18-May-2026 23:59:59
19-May-2026 00:00:00,77001.88,77414.62,76487.83,76787.11,2006.76014,19-May-2026 03:59:59
19-May-2026 04:00:00,76787.1,77278.57,76644.98,77233.69,1508.45954,19-May-2026 07:59:59
19-May-2026 08:00:00,77233.68,77317.02,76633.83,76714.62,1745.68912,19-May-2026 11:59:59
19-May-2026 12:00:00,76714.61,77048.72,76144.71,76521.23,3363.76947,19-May-2026 15:59:59
19-May-2026 16:00:00,76521.24,77065.8,76407.72,76818.74,1634.99916,19-May-2026 19:59:59
19-May-2026 20:00:00,76818.73,77040.83,76642.95,76834.36,765.18235,19-May-2026 23:59:59
20-May-2026 00:00:00,76834.36,76922.46,76516.74,76723.54,1561.801,20-May-2026 03:59:59
20-May-2026 04:00:00,76723.55,77472.21,76692,77282.64,2218.09189,20-May-2026 07:59:59
20-May-2026 08:00:00,77282.65,77663,77210.33,77382.49,1682.41191,20-May-2026 11:59:59
20-May-2026 12:00:00,77382.5,77853.04,76891.61,77455.46,3039.76807,20-May-2026 15:59:59
20-May-2026 16:00:00,77455.45,77713.66,77018.38,77667.49,1712.28825,20-May-2026 19:59:59
20-May-2026 20:00:00,77667.49,77766.6,77226.61,77552.23,1081.90195,20-May-2026 23:59:59
21-May-2026 00:00:00,77552.24,78173.15,77525,78078.72,2263.9569,21-May-2026 03:59:59
21-May-2026 04:00:00,78078.72,78180.01,77521,77889.01,1454.09234,21-May-2026 07:59:59
21-May-2026 08:00:00,77889.01,78200,77147.15,77189.1,1934.87402,21-May-2026 11:59:59
21-May-2026 12:00:00,77189.1,77402.12,76719.47,77259.46,2353.9044,21-May-2026 15:59:59
21-May-2026 16:00:00,77259.45,78098.16,77008.75,77690.56,2693.31851,21-May-2026 19:59:59
21-May-2026 20:00:00,77690.56,77813.35,77534.43,77615.52,618.11224,21-May-2026 23:59:59
22-May-2026 00:00:00,77615.52,77817.8,77327.28,77779.98,884.30161,22-May-2026 03:59:59
22-May-2026 04:00:00,77779.98,77900,77288.77,77408.06,1756.84353,22-May-2026 07:59:59
22-May-2026 08:00:00,77408.07,77535,77184.45,77428.84,1436.53453,22-May-2026 11:59:59
22-May-2026 12:00:00,77428.83,77584.94,76570,76790.59,2613.83665,22-May-2026 15:59:59
22-May-2026 16:00:00,76790.6,77093.72,75668.76,75860.44,2815.05544,22-May-2026 19:59:59
22-May-2026 20:00:00,75860.44,76087.85,75359.18,75539.5,1765.78958,22-May-2026 23:59:59
23-May-2026 00:00:00,75539.5,75664.62,75220,75635.22,1896.10926,23-May-2026 03:59:59
23-May-2026 04:00:00,75635.22,75650.63,74289.6,74609.36,2690.99014,23-May-2026 07:59:59
23-May-2026 08:00:00,74609.37,74873.55,74303.56,74789.99,2509.09623,23-May-2026 11:59:59
23-May-2026 12:00:00,74789.99,75726.3,74660.05,75520,2943.5001,23-May-2026 15:59:59
23-May-2026 16:00:00,75519.99,76012.22,75371.72,75983.45,1772.27259,23-May-2026 19:59:59
23-May-2026 20:00:00,75983.45,77404.18,75953.94,76752.01,3274.91982,23-May-2026 23:59:59
24-May-2026 00:00:00,76752,77011.62,76629.02,76750,1051.70404,24-May-2026 03:59:59
24-May-2026 04:00:00,76750.01,77065.94,76651.59,76799.99,817.66826,24-May-2026 07:59:59
24-May-2026 08:00:00,76799.99,77543.15,76734.42,77320.06,1746.24676,24-May-2026 11:59:59
24-May-2026 12:00:00,77320.06,77325.72,76195.36,76371.59,1982.25663,24-May-2026 15:59:59
24-May-2026 16:00:00,76371.59,76799.99,76371.59,76773.34,882.04437,24-May-2026 19:59:59
24-May-2026 20:00:00,76773.33,77225.97,76108,77064.96,1918.0815,24-May-2026 23:59:59
25-May-2026 00:00:00,77064.96,77485,76914.25,77026.67,1368.4044,25-May-2026 03:59:59
25-May-2026 04:00:00,77026.68,77650,76990.78,77401.12,1348.52945,25-May-2026 07:59:59
25-May-2026 08:00:00,77401.11,77699.97,77280.32,77357.5,1214.44703,25-May-2026 11:59:59
25-May-2026 12:00:00,77357.5,77905.52,77286.5,77628.82,1563.39696,25-May-2026 15:59:59
25-May-2026 16:00:00,77628.82,77807.29,77343.61,77441.86,1121.16576,25-May-2026 19:59:59
25-May-2026 20:00:00,77441.85,77500,77019.82,77322.01,1056.37837,25-May-2026 23:59:59
26-May-2026 00:00:00,77322.01,77345,76475.59,76664.01,2145.81269,26-May-2026 03:59:59
26-May-2026 04:00:00,76664,77059.74,76603.73,76730.84,2043.2043,26-May-2026 07:59:59
26-May-2026 08:00:00,76730.84,77621.75,76586.94,77183.55,1896.99632,26-May-2026 11:59:59
26-May-2026 12:00:00,77183.56,78080,76272.63,76518.1,4834.0846,26-May-2026 15:59:59
26-May-2026 16:00:00,76518.1,76710.01,75779.3,76052,4688.69854,26-May-2026 19:59:59
26-May-2026 20:00:00,76052,76180,75677.97,75930.01,1344.67984,26-May-2026 23:59:59
27-May-2026 00:00:00,75930.01,76104.02,75607.62,75683,2404.25109,27-May-2026 03:59:59
27-May-2026 04:00:00,75683,75980,75310.9,75977.17,2224.40852,27-May-2026 07:59:59
27-May-2026 08:00:00,75977.16,76071.41,75710.76,75769.18,1291.66875,27-May-2026 11:59:59
27-May-2026 12:00:00,75769.18,76174.15,74758.33,75326.01,5186.20338,27-May-2026 15:59:59
27-May-2026 16:00:00,75326.02,75408.01,74663.45,75066.08,3165.53822,27-May-2026 19:59:59
27-May-2026 20:00:00,75066.09,75415.81,74243.99,74449.3,2605.70487,27-May-2026 23:59:59
28-May-2026 00:00:00,74449.31,74590.77,73060.59,73258.01,5727.94403,28-May-2026 03:59:59
28-May-2026 04:00:00,73258,73512.14,72728.85,73498,4799.6102,28-May-2026 07:59:59
28-May-2026 08:00:00,73498,73616,73193.13,73505.66,1994.38372,28-May-2026 11:59:59
28-May-2026 12:00:00,73505.65,73580.75,72582.82,72928.73,4632.38493,28-May-2026 15:59:59
28-May-2026 16:00:00,72928.73,73749.69,72741.4,73419.32,2524.28664,28-May-2026 19:59:59
28-May-2026 20:00:00,73419.31,73949.22,73241.48,73617.51,1595.41074,28-May-2026 23:59:59
29-May-2026 00:00:00,73617.52,73868.33,73189.11,73301.52,2123.30407,29-May-2026 03:59:59
29-May-2026 04:00:00,73301.53,73939.19,73210.21,73528.56,2641.80699,29-May-2026 07:59:59
29-May-2026 08:00:00,73528.55,73902.85,73341.85,73487.98,2197.79295,29-May-2026 11:59:59
29-May-2026 12:00:00,73487.98,74200,72512.49,73808.26,4624.93207,29-May-2026 15:59:59
29-May-2026 16:00:00,73808.25,74514.1,73187.25,73520.28,5596.86593,29-May-2026 19:59:59
29-May-2026 20:00:00,73520.29,73844,73320,73460.78,1502.0394,29-May-2026 23:59:59
30-May-2026 00:00:00,73460.78,73796.43,73408.62,73524.01,1539.64276,30-May-2026 03:59:59
30-May-2026 04:00:00,73524.01,73709.91,73216,73548.6,1487.87007,30-May-2026 07:59:59
30-May-2026 08:00:00,73548.6,73680.75,73500.02,73602.02,1076.47863,30-May-2026 11:59:59
30-May-2026 12:00:00,73602.01,74100,73594.4,73930.14,1485.09864,30-May-2026 15:59:59
30-May-2026 16:00:00,73930.13,74143.76,73811.3,74016.65,836.20775,30-May-2026 19:59:59
30-May-2026 20:00:00,74016.64,74054,73781.3,73884.38,1090.11124,30-May-2026 23:59:59
31-May-2026 00:00:00,73884.38,74275.66,73858.56,74150.64,1099.56261,31-May-2026 03:59:59
31-May-2026 04:00:00,74150.64,74221.33,73836,73871.24,869.39106,31-May-2026 07:59:59
31-May-2026 08:00:00,73871.25,74024,73699.2,73937.79,1250.59286,31-May-2026 11:59:59
31-May-2026 12:00:00,73937.63,74023.99,73483.05,73655.21,1349.33176,31-May-2026 15:59:59
31-May-2026 16:00:00,73655.2,73734,73400,73563.42,985.40321,31-May-2026 19:59:59
31-May-2026 20:00:00,73563.41,74198,73500,73674.39,1432.17557,31-May-2026 23:59:59
01-Jun-2026 00:00:00,73674.39,74092,73222,73769.06,1797.97503,01-Jun-2026 03:59:59
01-Jun-2026 04:00:00,73769.06,73841.37,72704,72818,2313.7758,01-Jun-2026 07:59:59
01-Jun-2026 08:00:00,72818,73095.64,72290,72479.99,4064.81004,01-Jun-2026 11:59:59
01-Jun-2026 12:00:00,72480,72610,71066.33,71129.62,8608.45364,01-Jun-2026 15:59:59
01-Jun-2026 16:00:00,71129.62,71800.73,70686.68,71442,4542.91122,01-Jun-2026 19:59:59
